Classement,Titre,Artiste,Image,Avis,Site,Region,Label
1,Derrière le brouillard,Grand Corps Malade & Louane,"https://images-eu.ssl-images-amazon.com/images/I/817yvUN5NiL._AC_UL600_SR600,400_.jpg","4,7",Amazon_fr,France,
2,Jerusalema (feat. Nomcebo Zikode),Master Kg,"https://images-eu.ssl-images-amazon.com/images/I/81us1D0fMWL._AC_UL600_SR600,400_.jpg","4,7",Amazon_fr,France,
3,"1,2,3",Amel Bent & Hatik,"https://images-eu.ssl-images-amazon.com/images/I/81IdMTlubmL._AC_UL600_SR600,400_.jpg","4,7",Amazon_fr,France,
4,Iko Iko (My Bestie),Justin Wellington Feat. Small Jam,"https://images-eu.ssl-images-amazon.com/images/I/81QbDoNLSHS._AC_UL600_SR600,400_.jpg","4,6",Amazon_fr,France,
5,Bad Habits,Ed Sheeran,"https://images-eu.ssl-images-amazon.com/images/I/A1AmvUucgdL._AC_UL600_SR600,400_.jpg","4,5",Amazon_fr,France,
6,J'y vais,Patrick Fiori Et Florent Pagny,"https://images-eu.ssl-images-amazon.com/images/I/81njWUrUJLL._AC_UL600_SR600,400_.jpg","4,8",Amazon_fr,France,
7,Nos plus belles années,Grand Corps Malade & Kimberose,"https://images-eu.ssl-images-amazon.com/images/I/81ZLH4O2eWS._AC_UL600_SR600,400_.jpg","4,7",Amazon_fr,France,
8,Save Your Tears [Explicit],The Weeknd,"https://images-eu.ssl-images-amazon.com/images/I/81XiZxda-8L._AC_UL600_SR600,400_.jpg","4,8",Amazon_fr,France,
9,beau-papa,Vianney,"https://images-eu.ssl-images-amazon.com/images/I/61y0VivITdL._AC_UL600_SR600,400_.jpg","4,9",Amazon_fr,France,
10,Cover Me In Sunshine,P!Nk + Willow Sage Hart,"https://images-eu.ssl-images-amazon.com/images/I/71Xu2f9EqLL._AC_UL600_SR600,400_.jpg","4,9",Amazon_fr,France,
11,GIRL LIKE ME,Black  Eyed Peas & Shakira,"https://images-eu.ssl-images-amazon.com/images/I/713t5yqtVlL._AC_UL600_SR600,400_.jpg","4,5",Amazon_fr,France,
12,Fever,Dua Lipa X Angèle,"https://images-eu.ssl-images-amazon.com/images/I/918zDtkB8hL._AC_UL600_SR600,400_.jpg","4,8",Amazon_fr,France,
13,Never Going Home,Kungs,"https://images-eu.ssl-images-amazon.com/images/I/81q1qYyCM-S._AC_UL600_SR600,400_.jpg","4,9",Amazon_fr,France,
14,3SEX,Indochine & Christine And The Queens,"https://images-eu.ssl-images-amazon.com/images/I/81EyRfY7MoL._AC_UL600_SR600,400_.jpg","4,8",Amazon_fr,France,
15,Minefields,Faouzia & John Legend,"https://images-eu.ssl-images-amazon.com/images/I/81tnErwyb9L._AC_UL600_SR600,400_.jpg","4,7",Amazon_fr,France,
16,Respire encore,Clara Luciani,"https://images-eu.ssl-images-amazon.com/images/I/61ucT-1p41S._AC_UL600_SR600,400_.jpg","4,7",Amazon_fr,France,
17,Cold Heart (PNAU Remix),Elton John & Dua Lipa,"https://images-eu.ssl-images-amazon.com/images/I/71YJgszeftL._AC_UL600_SR600,400_.jpg","4,6",Amazon_fr,France,
18,Easy On Me,Adele,"https://images-eu.ssl-images-amazon.com/images/I/71tYun+Y8IL._AC_UL600_SR600,400_.jpg","4,7",Amazon_fr,France,
19,Voilà,Barbara Pravi,"https://images-eu.ssl-images-amazon.com/images/I/813Qw7y-BSL._AC_UL600_SR600,400_.jpg","4,8",Amazon_fr,France,
20,Courage to Change,Sia,"https://images-eu.ssl-images-amazon.com/images/I/613243KvLrL._AC_UL600_SR600,400_.jpg","4,9",Amazon_fr,France,
21,Carrousel (feat. Indila),Amir,"https://images-eu.ssl-images-amazon.com/images/I/81jrxN9vgZL._AC_UL600_SR600,400_.jpg","4,9",Amazon_fr,France,
22,Eté 90 [Explicit],Therapie Taxi,"https://images-eu.ssl-images-amazon.com/images/I/71P8pwqqEgL._AC_UL600_SR600,400_.jpg","4,8",Amazon_fr,France,
23,De l'or,Vitaa & Slimane,"https://images-eu.ssl-images-amazon.com/images/I/71cZc7M6NJL._AC_UL600_SR600,400_.jpg","4,9",Amazon_fr,France,
24,Follow You,Imagine Dragons,"https://images-eu.ssl-images-amazon.com/images/I/81iHImercQL._AC_UL600_SR600,400_.jpg","5,0",Amazon_fr,France,
25,Le reste,Clara Luciani,"https://images-eu.ssl-images-amazon.com/images/I/81L4sGHteIL._AC_UL600_SR600,400_.jpg","4,8",Amazon_fr,France,
26,Chanson pour un enterrement,Grégoire,"https://images-eu.ssl-images-amazon.com/images/I/61Eguq-jTTL._AC_UL600_SR600,400_.jpg","4,8",Amazon_fr,France,
27,Love Not War (The Tampa Beat),Jason Derulo X Nuka,"https://images-eu.ssl-images-amazon.com/images/I/81ru2stlpiL._AC_UL600_SR600,400_.jpg","4,8",Amazon_fr,France,
28,Blinding Lights,The Weeknd,"https://images-eu.ssl-images-amazon.com/images/I/81XiZxda-8L._AC_UL600_SR600,400_.jpg","4,8",Amazon_fr,France,
29,Dance Monkey,Tones And I,"https://images-eu.ssl-images-amazon.com/images/I/81euLNIeQZL._AC_UL600_SR600,400_.jpg","4,8",Amazon_fr,France,
30,Shallow,Lady Gaga & Bradley Cooper,"https://images-eu.ssl-images-amazon.com/images/I/813540BVRYL._AC_UL600_SR600,400_.jpg","4,7",Amazon_fr,France,
31,Shivers,Ed Sheeran,"https://images-eu.ssl-images-amazon.com/images/I/A1NizEjCKUL._AC_UL300_SR300,200_.jpg","4,8",Amazon_fr,France,
32,Take My Breath (Single Version),The Weeknd,"https://images-eu.ssl-images-amazon.com/images/I/810PF+Ck6aL._AC_UL300_SR300,200_.jpg","4,8",Amazon_fr,France,
33,Le reste,Clara Luciani,"https://images-eu.ssl-images-amazon.com/images/I/61ucT-1p41S._AC_UL300_SR300,200_.jpg","4,8",Amazon_fr,France,
34,STAY [Explicit],The Kid Laroi & Justin Bieber,"https://images-eu.ssl-images-amazon.com/images/I/81jRuDzByiS._AC_UL300_SR300,200_.jpg","4,6",Amazon_fr,France,
35,Wrecked,Imagine Dragons,"https://images-eu.ssl-images-amazon.com/images/I/91PbzDPDeTS._AC_UL300_SR300,200_.jpg","4,9",Amazon_fr,France,
36,Love Again [Explicit],Dua Lipa,"https://images-eu.ssl-images-amazon.com/images/I/91n2107XigL._AC_UL300_SR300,200_.jpg","4,8",Amazon_fr,France,
37,Pour de vrai,Vianney,"https://images-eu.ssl-images-amazon.com/images/I/71OTX1yLz2L._AC_UL300_SR300,200_.jpg","4,5",Amazon_fr,France,
38,beau-papa,Vianney,"https://images-eu.ssl-images-amazon.com/images/I/71OTX1yLz2L._AC_UL300_SR300,200_.jpg","4,9",Amazon_fr,France,
39,A Un Paso De La Luna (Remix),Reik & Rocco Hunt X Ana Mena,"https://images-eu.ssl-images-amazon.com/images/I/81DSoX0W4mL._AC_UL300_SR300,200_.jpg","4,4",Amazon_fr,France,
40,Maintenant (Version radio),Les Enfoirés,"https://images-eu.ssl-images-amazon.com/images/I/71ApXAcIANL._AC_UL300_SR300,200_.jpg","4,4",Amazon_fr,France,
41,Don't Shut Me Down,Abba,"https://images-eu.ssl-images-amazon.com/images/I/51yv4yWl25L._AC_UL300_SR300,200_.jpg","4,7",Amazon_fr,France,
42,Petrouchka [Explicit],Soso Maness Feat. Plk,"https://images-eu.ssl-images-amazon.com/images/I/7171OO+VmRS._AC_UL300_SR300,200_.jpg","3,7",Amazon_fr,France,
43,BELLE,"Maître Gims, Dadju & Slimane","https://images-eu.ssl-images-amazon.com/images/I/71rppQyb-hL._AC_UL300_SR300,200_.jpg","4,5",Amazon_fr,France,
44,Save Your Tears (Remix),The Weeknd & Ariana Grande,"https://images-eu.ssl-images-amazon.com/images/I/71lG7cCLKpS._AC_UL300_SR300,200_.jpg","4,9",Amazon_fr,France,
45,Believer,Imagine Dragons,"https://images-eu.ssl-images-amazon.com/images/I/71U0Sn3O+qL._AC_UL300_SR300,200_.jpg","4,6",Amazon_fr,France,
51,Aimer à mort,Louane,"https://images-eu.ssl-images-amazon.com/images/I/717jM9dXpmL._AC_UL600_SR600,400_.jpg","4,6",Amazon_fr,France,
52,Wasted Love (feat. Lagique),Ofenbach,"https://images-eu.ssl-images-amazon.com/images/I/A1ZA-PeP0VL._AC_UL600_SR600,400_.jpg","5,0",Amazon_fr,France,
53,L'instinct,Florent Pagny,"https://images-eu.ssl-images-amazon.com/images/I/81ddnL0TCYS._AC_UL600_SR600,400_.jpg","4,9",Amazon_fr,France,
54,Don't Wait Up,Shakira,"https://images-eu.ssl-images-amazon.com/images/I/81HKyBexIdS._AC_UL600_SR600,400_.jpg","4,8",Amazon_fr,France,
55,Pepas [Explicit],Farruko,"https://images-eu.ssl-images-amazon.com/images/I/81+rccisSCS._AC_UL600_SR600,400_.jpg","4,8",Amazon_fr,France,
56,Afterglow,Ed Sheeran,"https://images-eu.ssl-images-amazon.com/images/I/B1hF-mNUAOS._AC_UL600_SR600,400_.jpg","5,0",Amazon_fr,France,
57,Y'a du soleil,Christophe Maé,"https://images-eu.ssl-images-amazon.com/images/I/91tZCUpqS3S._AC_UL600_SR600,400_.jpg","4,7",Amazon_fr,France,
58,1+1 (feat. Amir) [Banx & Ranx Remix],Sia,"https://images-eu.ssl-images-amazon.com/images/I/61svmRNUtQS._AC_UL600_SR600,400_.jpg","4,7",Amazon_fr,France,
59,Nos célébrations,Indochine,"https://images-eu.ssl-images-amazon.com/images/I/81h-1rszu5L._AC_UL600_SR600,400_.jpg","4,9",Amazon_fr,France,
60,We Are The People (Official UEFA EURO 2020 Song),Martin Garrix Feat. Bono & The Edge,"https://images-eu.ssl-images-amazon.com/images/I/71MuMAowYgS._AC_UL600_SR600,400_.jpg","4,3",Amazon_fr,France,
61,Let's Love,David Guetta And Sia,"https://images-eu.ssl-images-amazon.com/images/I/91t7-VsIvfL._AC_UL600_SR600,400_.jpg","4,8",Amazon_fr,France,
62,Arcade,Duncan Laurence,"https://images-eu.ssl-images-amazon.com/images/I/612tr+7ktKL._AC_UL600_SR600,400_.jpg","4,3",Amazon_fr,France,
63,My Head & My Heart,Ava Max,"https://images-eu.ssl-images-amazon.com/images/I/71ZJJs0MtAL._AC_UL600_SR600,400_.jpg","4,6",Amazon_fr,France,
64,Beggin' [Explicit],Måneskin,"https://images-eu.ssl-images-amazon.com/images/I/81NbYBgENAL._AC_UL600_SR600,400_.jpg","4,7",Amazon_fr,France,
65,La kiffance [Explicit],Naps,"https://images-eu.ssl-images-amazon.com/images/I/A1EN8kHNF7L._AC_UL600_SR600,400_.jpg","3,9",Amazon_fr,France,
66,Un homme [Explicit],Jérémy Frerot,"https://images-eu.ssl-images-amazon.com/images/I/81-OwZ9TINL._AC_UL600_SR600,400_.jpg","4,9",Amazon_fr,France,
67,Little Bit of Love,Tom Grennan,"https://images-eu.ssl-images-amazon.com/images/I/717PX7lxL5L._AC_UL600_SR600,400_.jpg","5,0",Amazon_fr,France,
68,À la santé des gens que j'aime,Patrick Bruel,"https://images-eu.ssl-images-amazon.com/images/I/71WIoHu6GXS._AC_UL600_SR600,400_.jpg","4,8",Amazon_fr,France,
69,Je garde le sourire,Keen'V,"https://images-eu.ssl-images-amazon.com/images/I/81XqiGeVNFL._AC_UL600_SR600,400_.jpg","4,9",Amazon_fr,France,
70,Floating Through Space,Sia & David Guetta,"https://images-eu.ssl-images-amazon.com/images/I/61H6MiO3vkL._AC_UL600_SR600,400_.jpg","4,8",Amazon_fr,France,
71,All I Want for Christmas Is You,Mariah Carey,"https://images-eu.ssl-images-amazon.com/images/I/61U9-OERLvL._AC_UL600_SR600,400_.jpg","4,7",Amazon_fr,France,
72,Si on disait,M. Pokora & Dadju,"https://images-eu.ssl-images-amazon.com/images/I/71STUtOZWGL._AC_UL600_SR600,400_.jpg","4,8",Amazon_fr,France,
73,La kiffance [Explicit],Naps,"https://images-eu.ssl-images-amazon.com/images/I/71WhUOt7V3L._AC_UL600_SR600,400_.jpg","3,9",Amazon_fr,France,
74,I Still Have Faith In You,Abba,"https://images-eu.ssl-images-amazon.com/images/I/51yv4yWl25L._AC_UL600_SR600,400_.jpg","4,8",Amazon_fr,France,
75,Save Your Tears [Clean],The Weeknd,"https://images-eu.ssl-images-amazon.com/images/I/81uQ-u7lLNL._AC_UL600_SR600,400_.jpg","4,8",Amazon_fr,France,
76,Puisque tu pars,Jean-Jacques Goldman,"https://images-eu.ssl-images-amazon.com/images/I/71zmBBAOqYL._AC_UL600_SR600,400_.jpg","4,8",Amazon_fr,France,
77,Peaches [feat. Daniel Caesar & Giveon] [Explicit],Justin Bieber & Daniel Caesar & Giveon,"https://images-eu.ssl-images-amazon.com/images/I/81BlFgDpyZL._AC_UL600_SR600,400_.jpg","4,4",Amazon_fr,France,
78,Le coach (feat. Vincenzo),Soprano,"https://images-eu.ssl-images-amazon.com/images/I/917U-FvqMvL._AC_UL600_SR600,400_.jpg","4,7",Amazon_fr,France,
79,Higher Power,Coldplay,"https://images-eu.ssl-images-amazon.com/images/I/A1-CgojmNeS._AC_UL600_SR600,400_.jpg","4,8",Amazon_fr,France,
80,Hypnotized,"Purple Disco Machine, Sophie And The Giants","https://images-eu.ssl-images-amazon.com/images/I/71nOW6npxNL._AC_UL600_SR600,400_.jpg","4,9",Amazon_fr,France,
81,Rather Be You,Tom Gregory,"https://images-eu.ssl-images-amazon.com/images/I/81k5sEaeXDL._AC_UL300_SR300,200_.jpg","5,0",Amazon_fr,France,
82,All We Got (feat. KIDDO) [Explicit],Robin Schulz,"https://images-eu.ssl-images-amazon.com/images/I/81NGtcZTVcL._AC_UL300_SR300,200_.jpg","4,9",Amazon_fr,France,
83,A Un Paso De La Luna,Ana Mena X Rocco Hunt,"https://images-eu.ssl-images-amazon.com/images/I/81FMFULqYJL._AC_UL300_SR300,200_.jpg","5,0",Amazon_fr,France,
84,Santé,Stromae,"https://images-eu.ssl-images-amazon.com/images/I/611lc17rtrL._AC_UL300_SR300,200_.jpg","4,5",Amazon_fr,France,
85,Jerusalema (feat. Nomcebo Zikode) [Edit],Master Kg,"https://images-eu.ssl-images-amazon.com/images/I/81916E+f5cL._AC_UL300_SR300,200_.jpg","4,7",Amazon_fr,France,
86,La grenade,Clara Luciani,"https://images-eu.ssl-images-amazon.com/images/I/715OrnrMojL._AC_UL300_SR300,200_.jpg","4,7",Amazon_fr,France,
87,Hallelujah,Jeff Buckley,"https://images-eu.ssl-images-amazon.com/images/I/713VHcoBMuL._AC_UL300_SR300,200_.jpg","4,6",Amazon_fr,France,
88,Waf,Julien Doré Feat. Simone & Jean-Marc,"https://images-eu.ssl-images-amazon.com/images/I/51QNUVCjI7L._AC_UL300_SR300,200_.jpg","4,2",Amazon_fr,France,
89,Bad Habits,Ed Sheeran,"https://images-eu.ssl-images-amazon.com/images/I/A1NizEjCKUL._AC_UL300_SR300,200_.jpg","4,5",Amazon_fr,France,
90,Kiki,Julien Doré,"https://images-eu.ssl-images-amazon.com/images/I/51QNUVCjI7L._AC_UL300_SR300,200_.jpg","4,2",Amazon_fr,France,
91,"Happy (From ""Despicable Me 2"")",Pharrell Williams,"https://images-eu.ssl-images-amazon.com/images/I/81ms-ME02uL._AC_UL300_SR300,200_.jpg","4,6",Amazon_fr,France,
92,Blinding Lights,The Weeknd,"https://images-eu.ssl-images-amazon.com/images/I/81uQ-u7lLNL._AC_UL300_SR300,200_.jpg","4,8",Amazon_fr,France,
93,JUSQU'ICI TOUT VA BIEN,Maître Gims,"https://images-eu.ssl-images-amazon.com/images/I/71or-4p5PtL._AC_UL300_SR300,200_.jpg","4,8",Amazon_fr,France,
94,Back on My Feet,Kimberose,"https://images-eu.ssl-images-amazon.com/images/I/71wkkWJ7yoL._AC_UL300_SR300,200_.jpg","4,9",Amazon_fr,France,
95,Bande organisée [Explicit],"Kofs, Soso Maness, Elams, Jul, Sch, Naps, Solda, Houari, 13 Organisé","https://images-eu.ssl-images-amazon.com/images/I/81zhvRya9PL._AC_UL300_SR300,200_.jpg","4,5",Amazon_fr,France,
96,Danser encore,Hk,"https://images-eu.ssl-images-amazon.com/images/I/71z8y6kJHGL._AC_UL300_SR300,200_.jpg","4,9",Amazon_fr,France,
97,Levitating,Dua Lipa,"https://images-eu.ssl-images-amazon.com/images/I/91n2107XigL._AC_UL300_SR300,200_.jpg","4,7",Amazon_fr,France,
98,Control,Zoe Wees,"https://images-eu.ssl-images-amazon.com/images/I/61-ZsoRycjL._AC_UL300_SR300,200_.jpg","4,8",Amazon_fr,France,
99,Perfect,Ed Sheeran,"https://images-eu.ssl-images-amazon.com/images/I/B1TlPSY5bKS._AC_UL300_SR300,200_.jpg","4,7",Amazon_fr,France,
100,"Brésil, Finistère",Nolwenn Leroy,"https://images-eu.ssl-images-amazon.com/images/I/81ZgpY+9RBS._AC_UL300_SR300,200_.jpg","4,2",Amazon_fr,France,
1,La Kiffance,Naps,https://images.music-story.com/img/album_N/1688597-naps-la-kiffance.jpeg,,Snep,France,Believe
2,Petrouchka,Soso Maness,https://images.music-story.com/img/album_S/1702150-soso-maness-petrouchka.jpeg,,Snep,France,Rca Group
3,Tdb,Oboy,https://images.music-story.com/img/album_O/1705799-oboy-tdb.jpeg,,Snep,France,Believe
4,Bande Organisée,"Kofs, Soso Maness, Elams, Jul, Sch, Naps, Solda, Houari, 13 Organisée",https://images.music-story.com/img/album_/1662798--bande-organisee.jpeg,,Snep,France,Believe
5,Montero (Call Me By Your Name),Lil Nas X,https://images.music-story.com/img/album_/1693053--montero-call-me-by-your-name.jpeg,,Snep,France,Sony Music Entertainment
6,Save Your Tears,The Weeknd,https://images.music-story.com/img/album_T/1644769-the-weeknd-after-hours7366.jpeg,,Snep,France,Island Def Jam
7,Le Temps,Tayc,https://images.music-story.com/img/album_T/1687595-tayc-fleur-froide-donum-novae.jpeg,,Snep,France,Play Two
8,Fever,Dua Lipa,https://images.music-story.com/img/album_D/1673345-dua-lipa-fever.jpeg,,Snep,France,Warner
9,La Seleçao,Alonzo,https://images.music-story.com/img/album_A/1692883-alonzo-capo-dei-capi-vol-ii-iii.jpeg,,Snep,France,Island Def Jam
10,Mona Lisa,Booba,https://images.music-story.com/img/album_B/1689613-booba-mona-lisa.jpeg,,Snep,France,Capitol Music France
11,Love Nwantiti,Ckay,https://images.music-story.com/img/album_/1714386--love-nwantiti-ah-ah-ah-feat-joeboy-kuami-eugene-remix.jpeg,,Snep,France,Warner
12,Haine&Sex,Gazo,https://images.music-story.com/img/album_/1688600--drill-fr1419.jpeg,,Snep,France,Bsb Prod
13,Daddy Chocolat,Koba Lad,https://images.music-story.com/img/album_K/1704458-koba-lad-cartel-volume-1.jpeg,,Snep,France,Capitol Music France
14,Bad Habits,Ed Sheeran,https://images.music-story.com/img/album_E/1704999-ed-sheeran-bad-habits.jpeg,,Snep,France,Wea
15,Blinding Lights,The Weeknd,https://images.music-story.com/img/album_T/1631932-the-weeknd-blinding-lights.jpeg,,Snep,France,Island Def Jam
16,Vroum Vroum,Moha K,https://images.music-story.com/img/album_/1692882--vroum-vroum.jpeg,,Snep,France,Wlab
17,Stay,The Kid Laroi,https://images.music-story.com/img/album_/1706758--stay.jpeg,,Snep,France,Sony Music Entertainment
18,Mon Poto,Kore & Ninho,https://images.music-story.com/img/album_K/1690681-kore-mon-poto.jpeg,,Snep,France,Rca Group
19,Eté 90,Therapie Taxi,https://images.music-story.com/img/album_T/1681594-therapie-taxi-rupture-2-merde.jpeg,,Snep,France,Panenka Music
20,Levitating (Feat. Dababy),Dua Lipa,https://images.music-story.com/img/album_D/1668352-dua-lipa-levitating-feat-dababy.jpg,,Snep,France,Warner
21,Goosebumps (Remix),Travis Scott & Hvme,https://images.music-story.com/img/album_T/1683024-travis-scott-goosebumps-remix.jpeg,,Snep,France,Sony Music Entertainment
22,Tout En Gucci,Ninho,https://images.music-story.com/img/album_N/1643524-ninho-m-i-l-s-38084.jpeg,,Snep,France,Rec. 118 / Mal Lune Music
23,Girl Like Me,Black Eyed Peas,https://images.music-story.com/img/album_T/1655502-the-black-eyed-peas-translation.jpeg,,Snep,France,Polydor
24,Never Going Home,Kungs,https://images.music-story.com/img/album_K/1700266-kungs-never-going-home.jpeg,,Snep,France,Island Def Jam
25,Mode Akimbo (Feat. Jul),Sch,https://images.music-story.com/img/album_S/1692216-sch-jvlivs-ii.jpeg,,Snep,France,Rec118
26,Industry Baby,Lil Nas X,https://images.music-story.com/img/album_/1708808--industry-baby.jpeg,,Snep,France,Sony Music Entertainment
27,Peaches,Justin Bieber,https://images.music-story.com/img/album_J/1694253-justin-bieber-justice.jpeg,,Snep,France,Island Def Jam
28,"1,2,3",Amel Bent,https://images.music-story.com/img/album_A/1673350-amel-bent-1-2-3.jpeg,,Snep,France,Capitol Music France
29,"Pic Et Pic, Alcool Et Drame",Jul,https://images.music-story.com/img/album_J/1705053-jul-demain-ca-ira.jpeg,,Snep,France,Believe
30,Dákiti,Bad Bunny & Jhay Cortez,https://images.music-story.com/img/album_B/1673379-bad-bunny-dakiti.jpeg,,Snep,France,Rimas Entertainment Llc
31,La Danse Des Bandits,Naps,https://images.music-story.com/img/album_N/1694168-naps-les-mains-faites-pour-l-or.jpeg,,Snep,France,Believe
32,Pepas,Farruko,https://images.music-story.com/img/album_F/1706185-farruko-pepas.jpeg,,Snep,France,Sony Music Entertainment
33,A Un Paso De La Luna,Reik & Rocco Hunt X Ana Mena,https://images.music-story.com/img/album_R/1693925-reik-a-un-paso-de-la-luna.jpg,,Snep,France,Sony Music Entertainment
34,Friday,Riton,https://images.music-story.com/img/album_R/1682231-riton-friday-dopamine-re-edit.jpeg,,Snep,France,Sony Music Entertainment
35,Love Tonight,Shouse,https://images.music-story.com/img/album_/1665503--love-tonight.jpg,,Snep,France,Hell Beach
36,Dance Monkey,Tones And I,https://images.music-story.com/img/album_/1617355--dance-monkey.jpeg,,Snep,France,Warner
37,Jerusalema (Feat. Nomcebo Zikode),Master Kg,https://images.music-story.com/img/album_/1659065--jerusalema-feat-nomcebo-zikode.jpg,,Snep,France,Warner
38,Casanova,Were Vana,https://images.music-story.com/img/album_W/1673956-were-vana-casanova.jpeg,,Snep,France,Warner
39,Beggin',Måneskin,https://images.music-story.com/img/album_M/1584289-maneskin-chosen.jpeg,,Snep,France,Sony Music Entertainment
40,?. Morose,Damso,https://images.music-story.com/img/album_D/1666533-damso-qalf.jpeg,,Snep,France,Trente-Quatre Centimes
41,Mon Soleil,Dadju & Anitta,https://images.music-story.com/img/album_D/1702157-dadju-mon-soleil.jpeg,,Snep,France,Polydor
42,Iko Iko,Justin Wellington,https://images.music-story.com/img/album_J/1692392-justin-wellington-iko-iko.jpeg,,Snep,France,Sony Music Entertainment
43,Médusa,Landy,https://images.music-story.com/img/album_L/1679509-landy-a-one.jpeg,,Snep,France,Believe
44,La Vie Qu On Mene,Ninho,https://images.music-story.com/img/album_N/1608873-ninho-destin.jpeg,,Snep,France,Rec. 118 / Mal Lune Music
45,Cœur Noir,Eva,https://images.music-story.com/img/album_E/1677529-eva-2-feed-collector.jpeg,,Snep,France,Mca
46,Afro Trap Part. 11 (King Kong),Mhd,https://images.music-story.com/img/album_M/1701201-mhd-afro-trap-part-11-king-kong.jpeg,,Snep,France,Capitol Music France
47,Ani Kuni,Polo & Pan,https://images.music-story.com/img/album_P/1698670-polo-pan-ani-kuni.jpeg,,Snep,France,Universal Music France
48,Beau-Papa,Vianney,https://images.music-story.com/img/album_V/1663513-vianney-beau-papa.jpeg,,Snep,France,Believe
49,Cabeza,Oboy,https://images.music-story.com/img/album_O/1658227-oboy-mafana.jpeg,,Snep,France,Believe
50,Jolie Madame,Joé Dwèt Filé,https://images.music-story.com/img/album_J/1694684-joe-dwet-file-jolie-madame.jpeg,,Snep,France,Sony Music Entertainment
51,Pilote,Plk,https://images.music-story.com/img/album_P/1664344-plk-enna.jpeg,,Snep,France,Panenka Music
52,Wasted Love (Feat. Lagique),Ofenbach,https://images.music-story.com/img/album_O/1681323-ofenbach-wasted-love.jpeg,,Snep,France,Warner
53,Mood,24Kgoldn,https://images.music-story.com/img/album_/1662823--mood.jpeg,,Snep,France,Sony Music Entertainment
54,Joli Bébé,Naza Feat. Niska,https://images.music-story.com/img/album_N/1664979-naza-joli-bebe.jpeg,,Snep,France,Believe
55,Champion,Serge Ibaka / Ninho,https://images.music-story.com/img/album_/1688599--champion.jpeg,,Snep,France,Idol
56,Kiss Me More,Doja Cat,https://images.music-story.com/img/album_D/1694761-doja-cat-kiss-me-more.jpeg,,Snep,France,Sony Music Entertainment
57,Marché Noir,Sch,https://images.music-story.com/img/album_S/1684994-sch-marche-noir.jpeg,,Snep,France,Warner
58,Memories (Feat. Kid Cudi),David Guetta,https://images.music-story.com/img/album_D/david-guetta-memories-single.jpg,,Snep,France,Warner
59,Bobo,Aya Nakamura,https://images.music-story.com/img/album_A/1701098-aya-nakamura-bobo.jpeg,,Snep,France,Warner
60,Cold Heart,"Elton John, Dua Lipa",https://images.music-story.com/img/album_E/1711452-elton-john-cold-heart.jpeg,,Snep,France,Virgin Records France
61,Alors La Zone,Jul,https://images.music-story.com/img/album_J/1703416-jul-alors-la-zone.jpeg,,Snep,France,Believe
62,À Cœur Ouvert,Djadja & Dinaz,https://images.music-story.com/img/album_D/1687619-djadja-dinaz-a-coeur-ouvert.jpeg,,Snep,France,Believe
63,Mother Fuck,"Jul, Sch",https://images.music-story.com/img/album_J/1678510-jul-mother-fuck.jpeg,,Snep,France,Believe
64,Millions,"No Limit, Orelsan, Ninho",https://images.music-story.com/img/album_N/1703997-ninho-millions.jpeg,,Snep,France,No Limit Prod
65,Woman,Doja Cat,https://images.music-story.com/img/album_D/1704939-doja-cat-planet-her.jpeg,,Snep,France,Sony Music Entertainment
66,Arcade,Duncan Laurence,https://images.music-story.com/img/album_/-worlds-on-fire.jpg,,Snep,France,Polydor
67,Rasputin,Boney M.,https://images.music-story.com/img/album_B/boney-m-nightflight-to-venus.jpg,,Snep,France,Sony Music Entertainment
68,Mais Je T'Aime,Grand Corps Malade,https://images.music-story.com/img/album_G/1656154-grand-corps-malade-mais-je-t-aime.jpeg,,Snep,France,Virgin Records France
69,Del Mar,"Ozuna, Doja Cat & Sia",https://images.music-story.com/img/album_O/1665235-ozuna-enoc.jpeg,,Snep,France,Aura Music Corp.
70,Kassav,Gazo,https://images.music-story.com/img/album_/1682143--kassav.jpeg,,Snep,France,Sony Music Entertainment
71,Follow You,Imagine Dragons,https://images.music-story.com/img/album_I/1690765-imagine-dragons-follow-you-cutthroat.jpeg,,Snep,France,Polydor
72,Derrière Le Brouillard,Grand Corps Malade,https://images.music-story.com/img/album_G/1665684-grand-corps-malade-mesdames9359.jpeg,,Snep,France,Virgin Records France
73,Je T’Aime De Ouf,Wejdene,https://images.music-story.com/img/album_/1694167--16-ou-pas.jpeg,,Snep,France,Virgin Records France
74,Drivers License,Olivia Rodrigo,https://images.music-story.com/img/album_O/1681553-olivia-rodrigo-drivers-license.jpeg,,Snep,France,Polydor
75,Cover Me In Sunshine,Willow Sage Hart,https://images.music-story.com/img/album_P/1685667-pnk-cover-me-in-sunshine.jpeg,,Snep,France,Sony Music Entertainment
76,Le Reste,Clara Luciani,https://images.music-story.com/img/album_C/1694678-clara-luciani-le-reste.jpeg,,Snep,France,Romance Musique
77,Bebeto,Kendji Girac,https://images.music-story.com/img/album_K/1668847-kendji-girac-mi-vida.jpeg,,Snep,France,Island Def Jam
78,Best Life,Naps,https://images.music-story.com/img/album_N/1718316-naps-best-life.jpeg,,Snep,France,Believe
79,Astronaut In The Ocean (Remix),Masked Wolf,https://images.music-story.com/img/album_M/1698281-masked-wolf-astronaut-in-the-ocean-remix.jpg,,Snep,France,Warner
80,Gasolina (Feat. Ninho),Hornet La Frappe,https://images.music-story.com/img/album_H/1714064-hornet-la-frappe-toujours-nous-memes.jpeg,,Snep,France,Rec. 118 / Diez Peufra
81,Bimbo,Marwa Loud,https://images.music-story.com/img/album_M/1701086-marwa-loud-bimbo.jpeg,,Snep,France,Capitol Music France
82,Roses,Saint Jhn,https://images.music-story.com/img/album_/1625706--roses-imanbek-remix.jpeg,,Snep,France,Sony Music Entertainment
83,Elles Ont Trop Joué Avec Mon Cœur,Jok'Air,https://images.music-story.com/img/album_J/1678422-jokair-vie-republique.jpeg,,Snep,France,Warner
84,Heat Waves,Glass Animals,https://images.music-story.com/img/album_G/1657961-glass-animals-heat-waves.jpeg,,Snep,France,Virgin Records France
85,Beautiful Mistakes,Maroon 5,https://images.music-story.com/img/album_M/1689690-maroon-5-beautiful-mistakes.jpeg,,Snep,France,Polydor
86,Jefe,Ninho,https://images.music-story.com/img/album_N/1726152-ninho-jefe.jpeg,,Snep,France,Rec. 118 / Mal Lune Music
87,Watermelon Sugar,Harry Styles,https://images.music-story.com/img/album_H/1631104-harry-styles-watermelon-sugar.jpeg,,Snep,France,Sony Music Entertainment
88,Love Again,Dua Lipa,https://images.music-story.com/img/album_D/1686012-dua-lipa-future-nostalgia9083.jpeg,,Snep,France,Wea
89,Another Love,Tom Odell,https://images.music-story.com/img/album_T/461123-tom-odell-songs-from-another-love.jpeg,,Snep,France,Columbia
90,911,Damso,https://images.music-story.com/img/album_D/1666533-damso-qalf.jpeg,,Snep,France,Trente-Quatre Centimes
91,Leave The Door Open,Bruno Mars/Anderson .Paak/Silk Sonic,https://images.music-story.com/img/album_/1690944--leave-the-door-open.jpg,,Snep,France,Warner
92,Good 4 U,Olivia Rodrigo,https://images.music-story.com/img/album_O/1699356-olivia-rodrigo-good-4-u.jpeg,,Snep,France,Polydor
93,Bansky,H Magnum,https://images.music-story.com/img/album_H/1717857-h-magnum-bansky.jpeg,,Snep,France,Believe
94,Dieu Merci,Dadju,https://images.music-story.com/img/album_D/1695502-dadju-poison-ou-antidote-edition-miel-book.jpeg,,Snep,France,Polydor
95,Mannschaft (Feat. Freeze Corleone),Sch,https://images.music-story.com/img/album_S/1692216-sch-jvlivs-ii.jpeg,,Snep,France,Rec118
96,Ratpi World,Booba,https://images.music-story.com/img/album_B/1683728-booba-ratpi-world.jpeg,,Snep,France,Capitol Music France
97,Whoopty,Cj,https://images.music-story.com/img/album_/1672956--whoopty.jpeg,,Snep,France,Warner
98,Easy On Me,Adele,https://images.music-story.com/img/album_A/1719810-adele-easy-on-me.jpeg,,Snep,France,Sony Music Entertainment
99,Coffre Plein,Koba Lad,https://images.music-story.com/img/album_K/1670785-koba-lad-coffre-plein.jpeg,,Snep,France,Capitol Music France
100,Angela,Hatik,https://images.music-story.com/img/album_/1654955--chaise-pliante.jpeg,,Snep,France,Island Def Jam / Bendo
1,Easy On Me,Adele,"https://images-na.ssl-images-amazon.com/images/I/71tYun+Y8IL._AC_UL600_SR600,400_.jpg",4.8,Amazon_com,Monde,
2,Shivers,Ed Sheeran,"https://images-na.ssl-images-amazon.com/images/I/A1NizEjCKUL._AC_UL600_SR600,400_.jpg",4.9,Amazon_com,Monde,
3,Somewhere Over The Rainbow/What A Wonderful World,Israel Kamakawiwo'Ole,"https://images-na.ssl-images-amazon.com/images/I/811vO-4AcHL._AC_UL600_SR600,400_.jpg",4.9,Amazon_com,Monde,
4,Cold Heart (PNAU Remix),Elton John & Dua Lipa,"https://images-na.ssl-images-amazon.com/images/I/71YJgszeftL._AC_UL600_SR600,400_.jpg",4.9,Amazon_com,Monde,
5,Over the Rainbow,Israel Kamakawiwo'Ole,"https://images-na.ssl-images-amazon.com/images/I/71DipPn9mWL._AC_UL600_SR600,400_.jpg",4.9,Amazon_com,Monde,
6,Leave a Trace,Alina Smolina,"https://images-na.ssl-images-amazon.com/images/I/916Abd5-X9L._AC_UL600_SR600,400_.jpg",,Amazon_com,Monde,
7,On the Positive,Alina Smolina,"https://images-na.ssl-images-amazon.com/images/I/916Abd5-X9L._AC_UL600_SR600,400_.jpg",,Amazon_com,Monde,
8,Levitating (feat. DaBaby),Dua Lipa,"https://images-na.ssl-images-amazon.com/images/I/91Cp7KRG1ZL._AC_UL600_SR600,400_.jpg",4.8,Amazon_com,Monde,
9,Anyone,Justin Bieber,"https://images-na.ssl-images-amazon.com/images/I/8153LIVVazL._AC_UL600_SR600,400_.jpg",4.9,Amazon_com,Monde,
10,Reputation,Alina Smolina,"https://images-na.ssl-images-amazon.com/images/I/916Abd5-X9L._AC_UL600_SR600,400_.jpg",,Amazon_com,Monde,
11,Principles,Alina Smolina,"https://images-na.ssl-images-amazon.com/images/I/916Abd5-X9L._AC_UL600_SR600,400_.jpg",,Amazon_com,Monde,
12,Taboo,Alina Smolina,"https://images-na.ssl-images-amazon.com/images/I/916Abd5-X9L._AC_UL600_SR600,400_.jpg",,Amazon_com,Monde,
13,Talk About Life,Alina Smolina,"https://images-na.ssl-images-amazon.com/images/I/916Abd5-X9L._AC_UL600_SR600,400_.jpg",,Amazon_com,Monde,
14,Fake Woke,Tom Macdonald,"https://images-na.ssl-images-amazon.com/images/I/81WW-mH8QUL._AC_UL600_SR600,400_.jpg",4.9,Amazon_com,Monde,
15,Beggin' [Explicit],Måneskin,"https://images-na.ssl-images-amazon.com/images/I/81NbYBgENAL._AC_UL600_SR600,400_.jpg",4.8,Amazon_com,Monde,
16,Starting Over,Chris Stapleton,"https://images-na.ssl-images-amazon.com/images/I/51EZMxpy46L._AC_UL600_SR600,400_.jpg",4.8,Amazon_com,Monde,
17,Film out,Bts,"https://images-na.ssl-images-amazon.com/images/I/81hid8ZX1tL._AC_UL600_SR600,400_.jpg",5.0,Amazon_com,Monde,
18,Go Rest High On That Mountain,Vince Gill,"https://images-na.ssl-images-amazon.com/images/I/71hQAoBIKYL._AC_UL600_SR600,400_.jpg",4.8,Amazon_com,Monde,
19,Shallow,Lady Gaga & Bradley Cooper,"https://images-na.ssl-images-amazon.com/images/I/813540BVRYL._AC_UL600_SR600,400_.jpg",4.8,Amazon_com,Monde,
20,Perfect,Ed Sheeran,"https://images-na.ssl-images-amazon.com/images/I/B1TlPSY5bKS._AC_UL600_SR600,400_.jpg",4.8,Amazon_com,Monde,
21,Fancy Like,Walker Hayes,"https://images-na.ssl-images-amazon.com/images/I/71NaIkrEfQL._AC_UL600_SR600,400_.jpg",4.8,Amazon_com,Monde,
22,My Universe,Coldplay X Bts,"https://images-na.ssl-images-amazon.com/images/I/A1tQIG59auL._AC_UL600_SR600,400_.jpg",4.9,Amazon_com,Monde,
23,Don't Stop Believin',Journey,"https://images-na.ssl-images-amazon.com/images/I/71878xWTohL._AC_UL600_SR600,400_.jpg",4.8,Amazon_com,Monde,
24,Thunder,Imagine Dragons,"https://images-na.ssl-images-amazon.com/images/I/71U0Sn3O+qL._AC_UL600_SR600,400_.jpg",4.8,Amazon_com,Monde,
25,The Sound of Silence,Disturbed,"https://images-na.ssl-images-amazon.com/images/I/81FC381L9HL._AC_UL600_SR600,400_.jpg",4.9,Amazon_com,Monde,
26,The Path to the Dream,Alina Smolina,"https://images-na.ssl-images-amazon.com/images/I/916Abd5-X9L._AC_UL600_SR600,400_.jpg",,Amazon_com,Monde,
27,To the Exit,Alina Smolina,"https://images-na.ssl-images-amazon.com/images/I/916Abd5-X9L._AC_UL600_SR600,400_.jpg",,Amazon_com,Monde,
28,Who Are You,Alina Smolina,"https://images-na.ssl-images-amazon.com/images/I/916Abd5-X9L._AC_UL600_SR600,400_.jpg",,Amazon_com,Monde,
29,Blinding Lights,The Weeknd,"https://images-na.ssl-images-amazon.com/images/I/81uQ-u7lLNL._AC_UL600_SR600,400_.jpg",4.8,Amazon_com,Monde,
30,To Sleep Calmly,Alina Smolina,"https://images-na.ssl-images-amazon.com/images/I/916Abd5-X9L._AC_UL600_SR600,400_.jpg",,Amazon_com,Monde,
31,The Reddest Rose,Tetiana Ruzhynska,"https://images-na.ssl-images-amazon.com/images/I/915hfjuuAZL._AC_UL300_SR300,200_.jpg",,Amazon_com,Monde,
32,Fast (Motion) [Explicit],Saweetie,"https://images-na.ssl-images-amazon.com/images/I/81f7IQQGBpS._AC_UL300_SR300,200_.jpg",4.6,Amazon_com,Monde,
33,Bad Habits,Ed Sheeran,"https://images-na.ssl-images-amazon.com/images/I/A1NizEjCKUL._AC_UL300_SR300,200_.jpg",4.9,Amazon_com,Monde,
34,Levitating (feat. DaBaby),Dua Lipa,"https://images-na.ssl-images-amazon.com/images/I/A14h0zibp3L._AC_UL300_SR300,200_.jpg",4.8,Amazon_com,Monde,
35,A Thousand Years,Christina Perri,"https://images-na.ssl-images-amazon.com/images/I/81wEdDHVFFL._AC_UL300_SR300,200_.jpg",4.8,Amazon_com,Monde,
36,Create a Legacy,Alina Smolina,"https://images-na.ssl-images-amazon.com/images/I/916Abd5-X9L._AC_UL300_SR300,200_.jpg",,Amazon_com,Monde,
37,Act in Good Faith,Alina Smolina,"https://images-na.ssl-images-amazon.com/images/I/916Abd5-X9L._AC_UL300_SR300,200_.jpg",,Amazon_com,Monde,
38,Backstab,Alina Smolina,"https://images-na.ssl-images-amazon.com/images/I/916Abd5-X9L._AC_UL300_SR300,200_.jpg",,Amazon_com,Monde,
39,bad guy,Billie Eilish,"https://images-na.ssl-images-amazon.com/images/I/61e23dfEOBL._AC_UL300_SR300,200_.jpg",4.7,Amazon_com,Monde,
40,Count on Me,Bruno Mars,"https://images-na.ssl-images-amazon.com/images/I/717FVMJIJCL._AC_UL300_SR300,200_.jpg",4.8,Amazon_com,Monde,
41,Eye of the Tiger,Survivor,"https://images-na.ssl-images-amazon.com/images/I/81AdTxm0hoL._AC_UL300_SR300,200_.jpg",4.7,Amazon_com,Monde,
42,Ancient,Tetiana Ruzhynska,"https://images-na.ssl-images-amazon.com/images/I/71QYGbKe2wL._AC_UL300_SR300,200_.jpg",,Amazon_com,Monde,
43,The Nightmare,Tetiana Ruzhynska,"https://images-na.ssl-images-amazon.com/images/I/915hfjuuAZL._AC_UL300_SR300,200_.jpg",,Amazon_com,Monde,
44,Nor Moon nor Sun,Tetiana Ruzhynska,"https://images-na.ssl-images-amazon.com/images/I/915hfjuuAZL._AC_UL300_SR300,200_.jpg",,Amazon_com,Monde,
45,Splendour and Shame,Tetiana Ruzhynska,"https://images-na.ssl-images-amazon.com/images/I/915hfjuuAZL._AC_UL300_SR300,200_.jpg",,Amazon_com,Monde,
46,Devotion,Alina Smolina,"https://images-na.ssl-images-amazon.com/images/I/916Abd5-X9L._AC_UL300_SR300,200_.jpg",,Amazon_com,Monde,
47,The Ice Was All Around,Tetiana Ruzhynska,"https://images-na.ssl-images-amazon.com/images/I/915hfjuuAZL._AC_UL300_SR300,200_.jpg",,Amazon_com,Monde,
48,Down into the Sea,Tetiana Ruzhynska,"https://images-na.ssl-images-amazon.com/images/I/71QYGbKe2wL._AC_UL300_SR300,200_.jpg",,Amazon_com,Monde,
49,Can’t Hear,Tetiana Ruzhynska,"https://images-na.ssl-images-amazon.com/images/I/71QYGbKe2wL._AC_UL300_SR300,200_.jpg",,Amazon_com,Monde,
51,Bigger Than the Moon,Tetiana Ruzhynska,"https://images-na.ssl-images-amazon.com/images/I/71QYGbKe2wL._AC_UL600_SR600,400_.jpg",,Amazon_com,Monde,
52,Fruitless Desire,Tetiana Ruzhynska,"https://images-na.ssl-images-amazon.com/images/I/71QYGbKe2wL._AC_UL600_SR600,400_.jpg",,Amazon_com,Monde,
53,Manna from Heaven,Tetiana Ruzhynska,"https://images-na.ssl-images-amazon.com/images/I/915hfjuuAZL._AC_UL600_SR600,400_.jpg",,Amazon_com,Monde,
54,Lake Water,Tetiana Ruzhynska,"https://images-na.ssl-images-amazon.com/images/I/915hfjuuAZL._AC_UL600_SR600,400_.jpg",,Amazon_com,Monde,
55,At Midnight,Tetiana Ruzhynska,"https://images-na.ssl-images-amazon.com/images/I/71QYGbKe2wL._AC_UL600_SR600,400_.jpg",,Amazon_com,Monde,
56,All Burns,Tetiana Ruzhynska,"https://images-na.ssl-images-amazon.com/images/I/71QYGbKe2wL._AC_UL600_SR600,400_.jpg",,Amazon_com,Monde,
57,A Blessèd Ghost,Tetiana Ruzhynska,"https://images-na.ssl-images-amazon.com/images/I/71QYGbKe2wL._AC_UL600_SR600,400_.jpg",,Amazon_com,Monde,
58,A Weary Time,Tetiana Ruzhynska,"https://images-na.ssl-images-amazon.com/images/I/71QYGbKe2wL._AC_UL600_SR600,400_.jpg",,Amazon_com,Monde,
59,Under the Water,Tetiana Ruzhynska,"https://images-na.ssl-images-amazon.com/images/I/71QYGbKe2wL._AC_UL600_SR600,400_.jpg",,Amazon_com,Monde,
60,Ghost,Tetiana Ruzhynska,"https://images-na.ssl-images-amazon.com/images/I/915hfjuuAZL._AC_UL600_SR600,400_.jpg",,Amazon_com,Monde,
61,Knee to Knee,Tetiana Ruzhynska,"https://images-na.ssl-images-amazon.com/images/I/915hfjuuAZL._AC_UL600_SR600,400_.jpg",,Amazon_com,Monde,
62,Go to the Fire,Tetiana Ruzhynska,"https://images-na.ssl-images-amazon.com/images/I/915hfjuuAZL._AC_UL600_SR600,400_.jpg",,Amazon_com,Monde,
63,"Take Me Home, Country Roads",John Denver,"https://images-na.ssl-images-amazon.com/images/I/71M5ZZuEjjL._AC_UL600_SR600,400_.jpg",4.8,Amazon_com,Monde,
64,All I Want for Christmas Is You,Mariah Carey,"https://images-na.ssl-images-amazon.com/images/I/61U9-OERLvL._AC_UL600_SR600,400_.jpg",4.8,Amazon_com,Monde,
65,Good as Hell [Explicit],Lizzo,"https://images-na.ssl-images-amazon.com/images/I/81vEhrIzARL._AC_UL600_SR600,400_.jpg",4.8,Amazon_com,Monde,
66,INDUSTRY BABY [Explicit],Lil Nas X & Jack Harlow,"https://images-na.ssl-images-amazon.com/images/I/81Uj3NtUuhL._AC_UL600_SR600,400_.jpg",4.8,Amazon_com,Monde,
67,Let's Go Brandon,Bryson Gray (Feat. Tyson James And Chandler Crump),"https://images-na.ssl-images-amazon.com/images/I/81sttAOe5eL._AC_UL600_SR600,400_.jpg",4.9,Amazon_com,Monde,
68,Don't Start Now,Dua Lipa,"https://images-na.ssl-images-amazon.com/images/I/A1zQU-ZQNPL._AC_UL600_SR600,400_.jpg",4.8,Amazon_com,Monde,
69,Good Riddance (Time of Your Life),Green Day,"https://images-na.ssl-images-amazon.com/images/I/71dBwWTWgKL._AC_UL600_SR600,400_.jpg",4.6,Amazon_com,Monde,
70,Thunderstruck,Ac/Dc,"https://images-na.ssl-images-amazon.com/images/I/71AhHf8-YxL._AC_UL600_SR600,400_.jpg",4.8,Amazon_com,Monde,
71,Celebration,Kool And The Gang,"https://images-na.ssl-images-amazon.com/images/I/718LVJRn2DL._AC_UL600_SR600,400_.jpg",4.7,Amazon_com,Monde,
72,Jealous of the Angels,Donna Taggart,"https://images-na.ssl-images-amazon.com/images/I/715Q1sFJuNL._AC_UL600_SR600,400_.jpg",4.8,Amazon_com,Monde,
73,When I Get Where I'm Going,Brad Paisley Feat. Dolly Parton,"https://images-na.ssl-images-amazon.com/images/I/71+fhtiXOuL._AC_UL600_SR600,400_.jpg",4.8,Amazon_com,Monde,
74,Blinding Lights,The Weeknd,"https://images-na.ssl-images-amazon.com/images/I/71g5aaHcreL._AC_UL600_SR600,400_.jpg",4.8,Amazon_com,Monde,
75,Hold On,Justin Bieber,"https://images-na.ssl-images-amazon.com/images/I/81MP3AopvxL._AC_UL600_SR600,400_.jpg",4.8,Amazon_com,Monde,
76,Adore You,Harry Styles,"https://images-na.ssl-images-amazon.com/images/I/61uPLHJ4nPL._AC_UL600_SR600,400_.jpg",4.8,Amazon_com,Monde,
77,I Hope You Dance,Lee Ann Womack,"https://images-na.ssl-images-amazon.com/images/I/71SjH7B0x8L._AC_UL600_SR600,400_.jpg",4.8,Amazon_com,Monde,
78,Brainwashed,Tom Macdonald,"https://images-na.ssl-images-amazon.com/images/I/81yYJVlDVgL._AC_UL600_SR600,400_.jpg",4.9,Amazon_com,Monde,
79,Christmas Tree,V,"https://images-na.ssl-images-amazon.com/images/I/91EIg9esv8L._AC_UL600_SR600,400_.jpg",5.0,Amazon_com,Monde,
80,Old Town Road (Remix),Lil Nas X Feat. Billy Ray Cyrus,"https://images-na.ssl-images-amazon.com/images/I/71Q+EsnUbhL._AC_UL600_SR600,400_.jpg",4.7,Amazon_com,Monde,
81,Thriller,Michael Jackson,"https://images-na.ssl-images-amazon.com/images/I/81JoImtwFhL._AC_UL300_SR300,200_.jpg",4.8,Amazon_com,Monde,
82,You All Over Me (Taylor’s Version) (From The Vault) [feat. Maren Morris],Taylor Swift & Maren Morris,"https://images-na.ssl-images-amazon.com/images/I/71bAzylb0CL._AC_UL300_SR300,200_.jpg",4.9,Amazon_com,Monde,
83,Patience (feat. YUNGBLUD & Polo G) [Explicit],Ksi,"https://images-na.ssl-images-amazon.com/images/I/81HSo9K+NWL._AC_UL300_SR300,200_.jpg",3.9,Amazon_com,Monde,
84,Patience (feat. YUNGBLUD & Polo G) [Clean],Ksi,"https://images-na.ssl-images-amazon.com/images/I/81HSo9K+NWL._AC_UL300_SR300,200_.jpg",3.9,Amazon_com,Monde,
85,Thunderstruck,Ac/Dc,"https://images-na.ssl-images-amazon.com/images/I/71LeoBp2z0L._AC_UL300_SR300,200_.jpg",4.8,Amazon_com,Monde,
86,God's Country,Blake Shelton,"https://images-na.ssl-images-amazon.com/images/I/91UOLb1p1EL._AC_UL300_SR300,200_.jpg",4.9,Amazon_com,Monde,
87,"You've Got a Friend in Me (From ""Toy Story""/Soundtrack Version)",Randy Newman,"https://images-na.ssl-images-amazon.com/images/I/81wqcwq4oML._AC_UL300_SR300,200_.jpg",4.8,Amazon_com,Monde,
88,You Make It Feel Like Christmas [feat. Blake Shelton],Gwen Stefani & Blake Shelton,"https://images-na.ssl-images-amazon.com/images/I/719CGyoxw5L._AC_UL300_SR300,200_.jpg",4.9,Amazon_com,Monde,
89,Nobody But You (Duet with Gwen Stefani),Blake Shelton,"https://images-na.ssl-images-amazon.com/images/I/91mAlcxYPlL._AC_UL300_SR300,200_.jpg",4.8,Amazon_com,Monde,
90,34+35 [Clean],Ariana Grande,"https://images-na.ssl-images-amazon.com/images/I/710qFGnyAdL._AC_UL300_SR300,200_.jpg",4.8,Amazon_com,Monde,
91,Christmas Tree (Inst.),V,"https://images-na.ssl-images-amazon.com/images/I/91EIg9esv8L._AC_UL300_SR300,200_.jpg",4.8,Amazon_com,Monde,
92,Less Like Me,Zach Williams,"https://images-na.ssl-images-amazon.com/images/I/819XJOzcPmL._AC_UL300_SR300,200_.jpg",4.9,Amazon_com,Monde,
93,Back In Black,Ac/Dc,"https://images-na.ssl-images-amazon.com/images/I/51kOna6ez+L._AC_UL300_SR300,200_.jpg",4.8,Amazon_com,Monde,
94,All Of Me,John Legend,"https://images-na.ssl-images-amazon.com/images/I/61Lej+smXZL._AC_UL300_SR300,200_.jpg",4.7,Amazon_com,Monde,
95,Lose [Explicit],Ksi & Lil Wayne,"https://images-na.ssl-images-amazon.com/images/I/81vtUTZ8BVL._AC_UL300_SR300,200_.jpg",5.0,Amazon_com,Monde,
96,Uptown Funk [Explicit],Mark Ronson Feat. Bruno Mars,"https://images-na.ssl-images-amazon.com/images/I/71AZUM4CY1L._AC_UL300_SR300,200_.jpg",4.8,Amazon_com,Monde,
97,Therefore I Am,Billie Eilish,"https://images-na.ssl-images-amazon.com/images/I/717LcTxmqLL._AC_UL300_SR300,200_.jpg",4.9,Amazon_com,Monde,
98,Holy [feat. Chance The Rapper],Justin Bieber,"https://images-na.ssl-images-amazon.com/images/I/71z1Cb2pFoL._AC_UL300_SR300,200_.jpg",4.8,Amazon_com,Monde,
1,Levitating,Dua Lipa,https://charts-static.billboard.com/img/2020/04/dua-lipa-eqf-levitating-tr9-180x180.jpg,,Billboard,Monde,
2,Save Your Tears,The Weeknd & Ariana Grande,https://charts-static.billboard.com/img/2020/12/the-weeknd-xmx-save-your-tears-e5b-180x180.jpg,,Billboard,Monde,
3,Blinding Lights,The Weeknd,https://charts-static.billboard.com/img/2019/12/the-weeknd-xmx-blinding-lights-q48-180x180.jpg,,Billboard,Monde,
4,Drivers License,Olivia Rodrigo,https://charts-static.billboard.com/img/2021/01/olivia-rodrigo-3wl-drivers-license-w08-180x180.jpg,,Billboard,Monde,
5,Dynamite,Bts,https://charts-static.billboard.com/img/2020/09/bts-hm9-dynamite-zg6-180x180.jpg,,Billboard,Monde,
6,Dakiti,Bad Bunny & Jhay Cortez,https://charts-static.billboard.com/img/2020/11/bad-bunny-c3m-dakiti-wxy-180x180.jpg,,Billboard,Monde,
7,Montero (Call Me By Your Name),Lil Nas X,https://charts-static.billboard.com/img/2021/04/lil-nas-x-qv4-montero-call-me-by-your-name-2lw-180x180.jpg,,Billboard,Monde,
8,Stay,The Kid Laroi & Justin Bieber,https://charts-static.billboard.com/img/2021/07/the-kid-laroi-qev-stay-vsd-180x180.jpg,,Billboard,Monde,
9,Good 4 U,Olivia Rodrigo,https://charts-static.billboard.com/img/2021/05/olivia-rodrigo-3wl-good-4-u-ysx-180x180.jpg,,Billboard,Monde,
10,Mood,24Kgoldn Featuring Iann Dior,https://charts-static.billboard.com/img/2020/08/24kgoldn-hvh-mood-agm-180x180.jpg,,Billboard,Monde,
11,Peaches,Justin Bieber Featuring Daniel Caesar & Giveon,https://charts-static.billboard.com/img/2021/04/justin-bieber-f8k-peaches-sl5-180x180.jpg,,Billboard,Monde,
12,Butter,Bts,https://charts-static.billboard.com/img/2021/06/bts-hm9-butter-45t-180x180.jpg,,Billboard,Monde,
13,Kiss Me More,Doja Cat Featuring Sza,https://charts-static.billboard.com/img/2021/04/doja-cat-lm6-kiss-me-more-3fc-180x180.jpg,,Billboard,Monde,
14,Astronaut In The Ocean,Masked Wolf,https://charts-static.billboard.com/img/2020/11/masked-wolf-voi-astronaut-in-the-ocean-4ou-180x180.jpg,,Billboard,Monde,
15,Bad Habits,Ed Sheeran,https://charts-static.billboard.com/img/2021/07/ed-sheeran-w3r-bad-habits-i7l-180x180.jpg,,Billboard,Monde,
16,Leave The Door Open,Silk Sonic (Bruno Mars & Anderson .Paak),https://charts-static.billboard.com/img/2021/03/silk-sonic-bruno-mars-and-anderson-paak-qd5-leave-the-door-open-ife-180x180.jpg,,Billboard,Monde,
17,Heat Waves,Glass Animals,https://charts-static.billboard.com/img/2020/07/glass-animals-rtd-heat-waves-1lv-180x180.jpg,,Billboard,Monde,
18,Without You,The Kid Laroi,https://charts-static.billboard.com/img/2020/11/the-kid-laroi-qev-without-you-mqd-180x180.jpg,,Billboard,Monde,
19,Positions,Ariana Grande,https://charts-static.billboard.com/img/2020/11/ariana-grande-da0-positions-7tu-180x180.jpg,,Billboard,Monde,
20,The Business,Tiesto,https://charts-static.billboard.com/img/2020/10/tiesto-e64-the-business-6nk-180x180.jpg,,Billboard,Monde,
21,34+35,Ariana Grande,https://charts-static.billboard.com/img/2020/11/ariana-grande-da0-34-35-9yx-180x180.jpg,,Billboard,Monde,
22,Dance Monkey,Tones And I,https://charts-static.billboard.com/img/2019/08/tones-and-i-e1q-dance-monkey-pbf-180x180.jpg,,Billboard,Monde,
23,Watermelon Sugar,Harry Styles,https://charts-static.billboard.com/img/2019/11/harry-styles-6jk-watermelonsugar-w6n-180x180.jpg,,Billboard,Monde,
24,Hawai,Maluma,https://charts-static.billboard.com/img/2020/08/maluma-xt7-hawai-vy6-180x180.jpg,,Billboard,Monde,
25,Beggin',Maneskin,https://charts-static.billboard.com/img/2017/12/maneskin-ews-180x180.jpg,,Billboard,Monde,
26,Industry Baby,Lil Nas X & Jack Harlow,https://charts-static.billboard.com/img/2021/08/lil-nas-x-qv4-industry-baby-bw6-180x180.jpg,,Billboard,Monde,
27,Deja Vu,Olivia Rodrigo,https://charts-static.billboard.com/img/2021/04/olivia-rodrigo-3wl-deja-vu-q3u-180x180.jpg,,Billboard,Monde,
28,Someone You Loved,Lewis Capaldi,https://charts-static.billboard.com/img/2019/02/lewis-capaldi-s2h-180x180.jpg,,Billboard,Monde,
29,Perfect,Ed Sheeran,https://charts-static.billboard.com/img/2011/07/ed-sheeran-w3r-180x180.jpg,,Billboard,Monde,
30,Don'T Start Now,Dua Lipa,https://charts-static.billboard.com/img/2015/11/dua-lipa-5k0-180x180.jpg,,Billboard,Monde,
31,Lemonade,Internet Money & Gunna Featuring Don Toliver & Nav,https://charts-static.billboard.com/img/2019/10/internet-money-vaq-180x180.jpg,,Billboard,Monde,
32,Goosebumps,Travis Scott & Hvme,https://charts-static.billboard.com/img/2020/12/travis-scott-z9o-goosebumps-7u2-180x180.jpg,,Billboard,Monde,
33,Todo De Ti,Rauw Alejandro,https://charts-static.billboard.com/img/2021/06/rauwalejandro-37g-tododeti-5i7-180x180.jpg,,Billboard,Monde,
34,You Broke Me First.,Tate Mcrae,https://charts-static.billboard.com/img/2020/08/tatemcrae-rxu-youbrokemefirst-int-180x180.jpg,,Billboard,Monde,
35,Roses,Saint Jhn,https://charts-static.billboard.com/img/2020/03/saint-jhn-y2f-roses-h0w-180x180.jpg,,Billboard,Monde,
36,Streets,Doja Cat,https://charts-static.billboard.com/img/2018/04/doja-cat-lm6-180x180.jpg,,Billboard,Monde,
37,Savage Love (Laxed - Siren Beat),Jawsh 685 X Jason Derulo,https://charts-static.billboard.com/img/2020/06/jawsh-685-000-savage-love-laxed-siren-beat-ii1-180x180.jpg,,Billboard,Monde,
38,Head & Heart,Joel Corry X Mnek,https://charts-static.billboard.com/img/2020/07/joel-corry-000-head-and-heart-aga-180x180.jpg,,Billboard,Monde,
39,Heartbreak Anniversary,Giveon,https://charts-static.billboard.com/img/2021/02/giveon-k6h-heartbreak-anniversary-4n9-180x180.jpg,,Billboard,Monde,
40,For The Night,Pop Smoke Featuring Lil Baby & Dababy,https://charts-static.billboard.com/img/2019/08/pop-smoke-2yd-180x180.jpg,,Billboard,Monde,
41,Sunflower (Spider-Man: Into The Spider-Verse),Post Malone & Swae Lee,https://charts-static.billboard.com/img/2015/06/post-malone-8b5-180x180.jpg,,Billboard,Monde,
42,Wap,Cardi B Featuring Megan Thee Stallion,https://charts-static.billboard.com/img/2020/08/cardi-b-7bz-wap-8b4-180x180.jpg,,Billboard,Monde,
43,Yonaguni,Bad Bunny,https://charts-static.billboard.com/img/2021/06/bad-bunny-c3m-yonaguni-zqi-180x180.jpg,,Billboard,Monde,
44,Shape Of You,Ed Sheeran,https://charts-static.billboard.com/img/2017/01/ed-sheeran-w3r-shape-of-you-0ej-180x180.jpg,,Billboard,Monde,
45,La Noche De Anoche,Bad Bunny & Rosalia,https://charts-static.billboard.com/img/2016/10/bad-bunny-c3m-180x180.jpg,,Billboard,Monde,
46,Rockstar,Dababy Featuring Roddy Ricch,https://charts-static.billboard.com/img/2017/01/dababy-sfn-180x180.jpg,,Billboard,Monde,
47,Rapstar,Polo G,https://charts-static.billboard.com/img/2021/04/polo-g-n1o-rapstar-qed-180x180.jpg,,Billboard,Monde,
48,Baby Shark,Pinkfong,https://charts-static.billboard.com/img/2018/07/pinkfong-2rz-180x180.jpg,,Billboard,Monde,
49,Friday,Riton X Nightcrawlers Featuring Mufasa & Hypeman,https://charts-static.billboard.com/img/2021/02/riton-000-friday-7o2-180x180.jpg,,Billboard,Monde,
50,Fiel,"Los Legendarios, Wisin & Jhay Cortez",https://charts-static.billboard.com/img/2020/10/los-legendarios-myk-180x180.jpg,,Billboard,Monde,
51,What You Know Bout Love,Pop Smoke,https://charts-static.billboard.com/img/2019/08/pop-smoke-2yd-180x180.jpg,,Billboard,Monde,
52,Whoopty,Cj,https://charts-static.billboard.com/img/2020/11/cj-1ly-whoopty-ywg-180x180.jpg,,Billboard,Monde,
53,Believer,Imagine Dragons,https://charts-static.billboard.com/img/2017/02/imagine-dragons-ud7-believer-hmi-180x180.jpg,,Billboard,Monde,
54,Up,Cardi B,https://charts-static.billboard.com/img/2021/02/cardi-b-7bz-up-bc2-180x180.jpg,,Billboard,Monde,
55,Yoru Ni Kakeru,Yoasobi,https://charts-static.billboard.com/img/2020/09/yoasobi-i3g-yoru-ni-kakeru-tq6-180x180.jpg,,Billboard,Monde,
56,Therefore I Am,Billie Eilish,https://charts-static.billboard.com/img/2020/11/billie-eilish-lrt-therefore-i-am-ctw-180x180.jpg,,Billboard,Monde,
57,Am,Nio Garcia X J Balvin X Bad Bunny,https://charts-static.billboard.com/img/2021/04/nio-garcia-hk8-am-sfu-180x180.jpg,,Billboard,Monde,
58,Bad Guy,Billie Eilish,https://charts-static.billboard.com/img/2019/04/billie-eilish-lrt-bad-guy-vul-180x180.jpg,,Billboard,Monde,
59,Traitor,Olivia Rodrigo,https://charts-static.billboard.com/img/2019/11/olivia-rodrigo-3wl-180x180.jpg,,Billboard,Monde,
60,Before You Go,Lewis Capaldi,https://charts-static.billboard.com/img/2017/04/lewis-capaldi-s2h-180x180.jpg,,Billboard,Monde,
61,Circles,Post Malone,https://charts-static.billboard.com/img/2015/06/post-malone-8b5-180x180.jpg,,Billboard,Monde,
62,Bichota,Karol G,https://charts-static.billboard.com/img/2020/11/karol-g-tb3-bichota-jzo-180x180.jpg,,Billboard,Monde,
63,Shallow,Lady Gaga & Bradley Cooper,https://charts-static.billboard.com/img/2008/04/lady-gaga-b8x-180x180.jpg,,Billboard,Monde,
64,Dreams,Fleetwood Mac,https://charts-static.billboard.com/img/2011/05/fleetwood-mac-fe3-dreams-jvb-180x180.jpg,,Billboard,Monde,
65,Sweater Weather,The Neighbourhood,https://charts-static.billboard.com/img/2013/03/the-neighbourhood-ro9-180x180.jpg,,Billboard,Monde,
66,Wellerman,Nathan Evans,https://charts-static.billboard.com/img/2021/02/nathan-evans-000-wellerman-w2e-180x180.jpg,,Billboard,Monde,
67,Whats Poppin,"Jack Harlow Featuring Dababy, Tory Lanez & Lil Wayne",https://charts-static.billboard.com/img/2020/06/jackharlow-i43-whatspoppin-q71-180x180.jpg,,Billboard,Monde,
68,Need To Know,Doja Cat,https://charts-static.billboard.com/img/2021/06/doja-cat-lm6-need-to-know-9r2-180x180.jpg,,Billboard,Monde,
69,Lovely,Billie Eilish & Khalid,https://charts-static.billboard.com/img/2018/05/billie-eilish-lrt-lovely-hww-180x180.jpg,,Billboard,Monde,
70,Pepas,Farruko,https://charts-static.billboard.com/img/2021/07/farruko-lo8-pepas-ymw-180x180.jpg,,Billboard,Monde,
71,Permission To Dance,Bts,https://charts-static.billboard.com/img/2021/07/bts-hm9-permission-to-dance-17f-180x180.jpg,,Billboard,Monde,
72,Beautiful Mistakes,Maroon 5 Featuring Megan Thee Stallion,https://charts-static.billboard.com/img/2021/03/maroon-5-kks-beautiful-mistakes-eyo-180x180.jpg,,Billboard,Monde,
73,Bandido,Myke Towers & Juhn,https://charts-static.billboard.com/img/2021/01/myke-towers-g1s-bandido-czh-180x180.jpg,,Billboard,Monde,
74,Old Town Road,Lil Nas X Featuring Billy Ray Cyrus,https://charts-static.billboard.com/img/2019/01/lil-nas-x-qv4-180x180.jpg,,Billboard,Monde,
75,Calling My Phone,Lil Tjay Featuring 6Lack,https://charts-static.billboard.com/img/2021/02/lil-tjay-gqk-calling-my-phone-7y8-180x180.jpg,,Billboard,Monde,
76,I Wanna Be Your Slave,Maneskin,https://charts-static.billboard.com/img/2021/06/maneskin-ews-i-wanna-be-your-slave-7ws-180x180.jpg,,Billboard,Monde,
77,Wants And Needs,Drake Featuring Lil Baby,https://charts-static.billboard.com/img/2021/03/drake-04g-wantsandneeds-sfa-180x180.jpg,,Billboard,Monde,
78,Good Days,Sza,https://charts-static.billboard.com/img/2021/01/sza-mhq-good-days-yue-180x180.jpg,,Billboard,Monde,
79,Memories,Maroon 5,https://charts-static.billboard.com/img/2019/10/maroon-5-9st-180x180.jpg,,Billboard,Monde,
80,Senorita,Shawn Mendes & Camila Cabello,https://charts-static.billboard.com/img/2014/07/shawn-mendes-pz2-180x180.jpg,,Billboard,Monde,
81,Telepatia,Kali Uchis,https://charts-static.billboard.com/img/2015/07/kali-uchis-dp2-180x180.jpg,,Billboard,Monde,
82,Happier Than Ever,Billie Eilish,https://charts-static.billboard.com/img/2021/08/billie-eilish-lrt-happier-than-ever-xd9-180x180.jpg,,Billboard,Monde,
83,Arcade,Duncan Laurence,https://charts-static.billboard.com/img/2021/02/duncan-laurence-030-arcade-ggy-180x180.jpg,,Billboard,Monde,
84,La Curiosidad,Dj Nelson Presenta Jay Wheeler & Myke Towers,https://charts-static.billboard.com/img/2020/03/jay-wheeler-9ai-180x180.jpg,,Billboard,Monde,
85,Holy,Justin Bieber Featuring Chance The Rapper,https://charts-static.billboard.com/img/2020/10/justin-bieber-f8k-holy-2uy-180x180.jpg,,Billboard,Monde,
86,Best Friend,Saweetie Featuring Doja Cat,https://charts-static.billboard.com/img/2021/01/saweetie-plv-best-friend-tlw-180x180.jpg,,Billboard,Monde,
87,Bohemian Rhapsody,Queen,https://charts-static.billboard.com/img/2005/02/queen-m21-180x180.jpg,,Billboard,Monde,
88,Closer,The Chainsmokers Featuring Halsey,https://charts-static.billboard.com/img/2013/11/the-chainsmokers-39n-87x87.jpg,,Billboard,Monde,
89,Lonely,Justin Bieber & Benny Blanco,https://charts-static.billboard.com/img/2020/10/justin-bieber-f8k-lonely-m89-180x180.jpg,,Billboard,Monde,
90,All I Want For Christmas Is You,Mariah Carey,https://charts-static.billboard.com/img/2004/12/mariah-carey-tgq-180x180.jpg,,Billboard,Monde,
91,All Of Me,John Legend,https://charts-static.billboard.com/img/2004/04/john-legend-035-180x180.jpg,,Billboard,Monde,
92,Que Mas Pues?,J Balvin & Maria Becerra,https://charts-static.billboard.com/img/2021/06/j-balvin-i5b-que-mas-pues-d8y-180x180.jpg,,Billboard,Monde,
93,Hold On,Justin Bieber,https://charts-static.billboard.com/img/2021/03/justin-bieber-f8k-hold-on-urq-180x180.jpg,,Billboard,Monde,
94,Despacito,Luis Fonsi & Daddy Yankee Featuring Justin Bieber,https://charts-static.billboard.com/img/2017/02/luis-fonsi-nni-despacito-80r-180x180.jpg,,Billboard,Monde,
95,Goosebumps,Travis Scott,https://charts-static.billboard.com/img/2016/10/travis-scott-jll-180x180.jpg,,Billboard,Monde,
96,Pareja Del Ano,Sebastian Yatra X Myke Towers,https://charts-static.billboard.com/img/2021/05/sebastian-yatra-q66-pareja-del-ano-sly-180x180.jpg,,Billboard,Monde,
97,Anyone,Justin Bieber,https://charts-static.billboard.com/img/2021/01/justin-bieber-f8k-anyone-h9g-180x180.jpg,,Billboard,Monde,
98,Prisoner,Miley Cyrus Featuring Dua Lipa,https://charts-static.billboard.com/img/2020/12/miley-cyrus-rjp-prisoner-69j-180x180.jpg,,Billboard,Monde,
99,Woman,Doja Cat,https://charts-static.billboard.com/img/2018/04/doja-cat-lm6-180x180.jpg,,Billboard,Monde,
100,Say You Won'T Let Go,James Arthur,https://charts-static.billboard.com/img/2016/11/james-arthur-p5t-106x106.jpg,,Billboard,Monde,
