Classement,Titre,Artiste,Image,Avis,Site,Region
1,derrière le brouillard,grand corps malade & louane,"https://images-eu.ssl-images-amazon.com/images/i/817yvun5nil._ac_ul600_sr600,400_.jpg",4.7,amazon_fr,france
2,jerusalema ,master kg,"https://images-eu.ssl-images-amazon.com/images/i/81us1d0fmwl._ac_ul600_sr600,400_.jpg",4.7,amazon_fr,france
3,"1,2,3",amel bent & hatik,"https://images-eu.ssl-images-amazon.com/images/i/81idmtlubml._ac_ul600_sr600,400_.jpg",4.7,amazon_fr,france
4,iko iko ,justin wellington & small jam,"https://images-eu.ssl-images-amazon.com/images/i/81qbdonlshs._ac_ul600_sr600,400_.jpg",4.6,amazon_fr,france
5,bad habits,ed sheeran,"https://images-eu.ssl-images-amazon.com/images/i/a1amvuucgdl._ac_ul600_sr600,400_.jpg",4.5,amazon_fr,france
6,j'y vais,patrick fiori & florent pagny,"https://images-eu.ssl-images-amazon.com/images/i/81njwurujll._ac_ul600_sr600,400_.jpg",4.8,amazon_fr,france
7,nos plus belles années,grand corps malade & kimberose,"https://images-eu.ssl-images-amazon.com/images/i/81zlh4o2ews._ac_ul600_sr600,400_.jpg",4.7,amazon_fr,france
8,save your tears ,the weeknd,"https://images-eu.ssl-images-amazon.com/images/i/81xizxda-8l._ac_ul600_sr600,400_.jpg",4.8,amazon_fr,france
9,beau-papa,vianney,"https://images-eu.ssl-images-amazon.com/images/i/61y0vivitdl._ac_ul600_sr600,400_.jpg",4.9,amazon_fr,france
10,cover me in sunshine,p!nk + willow sage hart,"https://images-eu.ssl-images-amazon.com/images/i/71xu2f9eqll._ac_ul600_sr600,400_.jpg",4.9,amazon_fr,france
11,girl like me,black  eyed peas & shakira,"https://images-eu.ssl-images-amazon.com/images/i/713t5yqtvll._ac_ul600_sr600,400_.jpg",4.5,amazon_fr,france
12,fever,dua lipa & angèle,"https://images-eu.ssl-images-amazon.com/images/i/918zdtkb8hl._ac_ul600_sr600,400_.jpg",4.8,amazon_fr,france
13,never going home,kungs,"https://images-eu.ssl-images-amazon.com/images/i/81q1qyycm-s._ac_ul600_sr600,400_.jpg",4.9,amazon_fr,france
14,3sex,indochine & christine and the queens,"https://images-eu.ssl-images-amazon.com/images/i/81eyrfy7mol._ac_ul600_sr600,400_.jpg",4.8,amazon_fr,france
15,minefields,faouzia & john legend,"https://images-eu.ssl-images-amazon.com/images/i/81tnerwyb9l._ac_ul600_sr600,400_.jpg",4.7,amazon_fr,france
16,respire encore,clara luciani,"https://images-eu.ssl-images-amazon.com/images/i/61uct-1p41s._ac_ul600_sr600,400_.jpg",4.7,amazon_fr,france
17,cold heart ,elton john & dua lipa,"https://images-eu.ssl-images-amazon.com/images/i/71yjgszeftl._ac_ul600_sr600,400_.jpg",4.6,amazon_fr,france
18,easy on me,adele,"https://images-eu.ssl-images-amazon.com/images/i/71tyun+y8il._ac_ul600_sr600,400_.jpg",4.7,amazon_fr,france
19,voilà,barbara pravi,"https://images-eu.ssl-images-amazon.com/images/i/813qw7y-bsl._ac_ul600_sr600,400_.jpg",4.8,amazon_fr,france
20,courage to change,sia,"https://images-eu.ssl-images-amazon.com/images/i/613243kvlrl._ac_ul600_sr600,400_.jpg",4.9,amazon_fr,france
21,carrousel ,amir,"https://images-eu.ssl-images-amazon.com/images/i/81jrxn9vgzl._ac_ul600_sr600,400_.jpg",4.9,amazon_fr,france
22,eté 90 ,therapie ta&i,"https://images-eu.ssl-images-amazon.com/images/i/71p8pwqqegl._ac_ul600_sr600,400_.jpg",4.8,amazon_fr,france
23,de l'or,vitaa & slimane,"https://images-eu.ssl-images-amazon.com/images/i/71czc7m6njl._ac_ul600_sr600,400_.jpg",4.9,amazon_fr,france
24,follow you,imagine dragons,"https://images-eu.ssl-images-amazon.com/images/i/81ihimercql._ac_ul600_sr600,400_.jpg",5.0,amazon_fr,france
25,le reste,clara luciani,"https://images-eu.ssl-images-amazon.com/images/i/81l4sghteil._ac_ul600_sr600,400_.jpg",4.8,amazon_fr,france
26,chanson pour un enterrement,grégoire,"https://images-eu.ssl-images-amazon.com/images/i/61eguq-jttl._ac_ul600_sr600,400_.jpg",4.8,amazon_fr,france
27,love not war ,jason derulo & nuka,"https://images-eu.ssl-images-amazon.com/images/i/81ru2stlpil._ac_ul600_sr600,400_.jpg",4.8,amazon_fr,france
28,blinding lights,the weeknd,"https://images-eu.ssl-images-amazon.com/images/i/81xizxda-8l._ac_ul600_sr600,400_.jpg",4.8,amazon_fr,france
29,dance monkey,tones and i,"https://images-eu.ssl-images-amazon.com/images/i/81eulnieqzl._ac_ul600_sr600,400_.jpg",4.8,amazon_fr,france
30,shallow,lady gaga & bradley cooper,"https://images-eu.ssl-images-amazon.com/images/i/813540bvryl._ac_ul600_sr600,400_.jpg",4.7,amazon_fr,france
31,shivers,ed sheeran,"https://images-eu.ssl-images-amazon.com/images/i/a1nizejckul._ac_ul300_sr300,200_.jpg",4.8,amazon_fr,france
32,take my breath ,the weeknd,"https://images-eu.ssl-images-amazon.com/images/i/810pf+ck6al._ac_ul300_sr300,200_.jpg",4.8,amazon_fr,france
33,le reste,clara luciani,"https://images-eu.ssl-images-amazon.com/images/i/61uct-1p41s._ac_ul300_sr300,200_.jpg",4.8,amazon_fr,france
34,stay ,the kid laroi & justin bieber,"https://images-eu.ssl-images-amazon.com/images/i/81jrudzbyis._ac_ul300_sr300,200_.jpg",4.6,amazon_fr,france
35,wrecked,imagine dragons,"https://images-eu.ssl-images-amazon.com/images/i/91pbzdpdets._ac_ul300_sr300,200_.jpg",4.9,amazon_fr,france
36,love again ,dua lipa,"https://images-eu.ssl-images-amazon.com/images/i/91n2107xigl._ac_ul300_sr300,200_.jpg",4.8,amazon_fr,france
37,pour de vrai,vianney,"https://images-eu.ssl-images-amazon.com/images/i/71otx1ylz2l._ac_ul300_sr300,200_.jpg",4.5,amazon_fr,france
38,beau-papa,vianney,"https://images-eu.ssl-images-amazon.com/images/i/71otx1ylz2l._ac_ul300_sr300,200_.jpg",4.9,amazon_fr,france
39,a un paso de la luna ,reik & rocco hunt & ana mena,"https://images-eu.ssl-images-amazon.com/images/i/81dsox0w4ml._ac_ul300_sr300,200_.jpg",4.4,amazon_fr,france
40,maintenant ,les enfoirés,"https://images-eu.ssl-images-amazon.com/images/i/71apxacianl._ac_ul300_sr300,200_.jpg",4.4,amazon_fr,france
41,don't shut me down,abba,"https://images-eu.ssl-images-amazon.com/images/i/51yv4ywl25l._ac_ul300_sr300,200_.jpg",4.7,amazon_fr,france
42,petrouchka ,soso maness & plk,"https://images-eu.ssl-images-amazon.com/images/i/7171oo+vmrs._ac_ul300_sr300,200_.jpg",3.7,amazon_fr,france
43,belle,"maître gims, dadju & slimane","https://images-eu.ssl-images-amazon.com/images/i/71rppqyb-hl._ac_ul300_sr300,200_.jpg",4.5,amazon_fr,france
44,save your tears ,the weeknd & ariana grande,"https://images-eu.ssl-images-amazon.com/images/i/71lg7cclkps._ac_ul300_sr300,200_.jpg",4.9,amazon_fr,france
45,believer,imagine dragons,"https://images-eu.ssl-images-amazon.com/images/i/71u0sn3o+ql._ac_ul300_sr300,200_.jpg",4.6,amazon_fr,france
51,aimer à mort,louane,"https://images-eu.ssl-images-amazon.com/images/i/717jm9dxpml._ac_ul600_sr600,400_.jpg",4.6,amazon_fr,france
52,wasted love ,ofenbach,"https://images-eu.ssl-images-amazon.com/images/i/a1za-pep0vl._ac_ul600_sr600,400_.jpg",5.0,amazon_fr,france
53,l'instinct,florent pagny,"https://images-eu.ssl-images-amazon.com/images/i/81ddnl0tcys._ac_ul600_sr600,400_.jpg",4.9,amazon_fr,france
54,don't wait up,shakira,"https://images-eu.ssl-images-amazon.com/images/i/81hkybexids._ac_ul600_sr600,400_.jpg",4.8,amazon_fr,france
55,pepas ,farruko,"https://images-eu.ssl-images-amazon.com/images/i/81+rccisscs._ac_ul600_sr600,400_.jpg",4.8,amazon_fr,france
56,afterglow,ed sheeran,"https://images-eu.ssl-images-amazon.com/images/i/b1hf-mnuaos._ac_ul600_sr600,400_.jpg",5.0,amazon_fr,france
57,y'a du soleil,christophe maé,"https://images-eu.ssl-images-amazon.com/images/i/91tzcupqs3s._ac_ul600_sr600,400_.jpg",4.7,amazon_fr,france
58,1+1  ,sia,"https://images-eu.ssl-images-amazon.com/images/i/61svmrnutqs._ac_ul600_sr600,400_.jpg",4.7,amazon_fr,france
59,nos célébrations,indochine,"https://images-eu.ssl-images-amazon.com/images/i/81h-1rszu5l._ac_ul600_sr600,400_.jpg",4.9,amazon_fr,france
60,we are the people ,martin garri& & bono & the edge,"https://images-eu.ssl-images-amazon.com/images/i/71mumaowygs._ac_ul600_sr600,400_.jpg",4.3,amazon_fr,france
61,let's love,david gu&ta and sia,"https://images-eu.ssl-images-amazon.com/images/i/91t7-vsivfl._ac_ul600_sr600,400_.jpg",4.8,amazon_fr,france
62,arcade,duncan laurence,"https://images-eu.ssl-images-amazon.com/images/i/612tr+7ktkl._ac_ul600_sr600,400_.jpg",4.3,amazon_fr,france
63,my head & my heart,ava ma&,"https://images-eu.ssl-images-amazon.com/images/i/71zjjs0mtal._ac_ul600_sr600,400_.jpg",4.6,amazon_fr,france
64,beggin' ,måneskin,"https://images-eu.ssl-images-amazon.com/images/i/81nbybgenal._ac_ul600_sr600,400_.jpg",4.7,amazon_fr,france
65,la kiffance ,naps,"https://images-eu.ssl-images-amazon.com/images/i/a1en8khnf7l._ac_ul600_sr600,400_.jpg",3.9,amazon_fr,france
66,un homme ,jérémy frerot,"https://images-eu.ssl-images-amazon.com/images/i/81-owz9tinl._ac_ul600_sr600,400_.jpg",4.9,amazon_fr,france
67,little bit of love,tom grennan,"https://images-eu.ssl-images-amazon.com/images/i/717px7lxl5l._ac_ul600_sr600,400_.jpg",5.0,amazon_fr,france
68,à la santé des gens que j'aime,patrick bruel,"https://images-eu.ssl-images-amazon.com/images/i/71wiohu6gxs._ac_ul600_sr600,400_.jpg",4.8,amazon_fr,france
69,je garde le sourire,keen'v,"https://images-eu.ssl-images-amazon.com/images/i/81xqigevnfl._ac_ul600_sr600,400_.jpg",4.9,amazon_fr,france
70,floating through space,sia & david gu&ta,"https://images-eu.ssl-images-amazon.com/images/i/61h6mio3vkl._ac_ul600_sr600,400_.jpg",4.8,amazon_fr,france
71,all i want for christmas is you,mariah carey,"https://images-eu.ssl-images-amazon.com/images/i/61u9-oerlvl._ac_ul600_sr600,400_.jpg",4.7,amazon_fr,france
72,si on disait,m. pokora & dadju,"https://images-eu.ssl-images-amazon.com/images/i/71stutozwgl._ac_ul600_sr600,400_.jpg",4.8,amazon_fr,france
73,la kiffance ,naps,"https://images-eu.ssl-images-amazon.com/images/i/71whuot7v3l._ac_ul600_sr600,400_.jpg",3.9,amazon_fr,france
74,i still have faith in you,abba,"https://images-eu.ssl-images-amazon.com/images/i/51yv4ywl25l._ac_ul600_sr600,400_.jpg",4.8,amazon_fr,france
75,save your tears ,the weeknd,"https://images-eu.ssl-images-amazon.com/images/i/81uq-u7llnl._ac_ul600_sr600,400_.jpg",4.8,amazon_fr,france
76,puisque tu pars,jean-jacques goldman,"https://images-eu.ssl-images-amazon.com/images/i/71zmbbaoqyl._ac_ul600_sr600,400_.jpg",4.8,amazon_fr,france
77,peaches  ,justin bieber & daniel caesar & giveon,"https://images-eu.ssl-images-amazon.com/images/i/81blfgdpyzl._ac_ul600_sr600,400_.jpg",4.4,amazon_fr,france
78,le coach ,soprano,"https://images-eu.ssl-images-amazon.com/images/i/917u-fvqmvl._ac_ul600_sr600,400_.jpg",4.7,amazon_fr,france
79,higher power,coldplay,"https://images-eu.ssl-images-amazon.com/images/i/a1-cgojmnes._ac_ul600_sr600,400_.jpg",4.8,amazon_fr,france
80,hypnotized,"purple disco machine, sophie and the giants","https://images-eu.ssl-images-amazon.com/images/i/71now6npxnl._ac_ul600_sr600,400_.jpg",4.9,amazon_fr,france
81,rather be you,tom gregory,"https://images-eu.ssl-images-amazon.com/images/i/81k5seaexdl._ac_ul300_sr300,200_.jpg",5.0,amazon_fr,france
82,all we got  ,robin schulz,"https://images-eu.ssl-images-amazon.com/images/i/81ngtcztvcl._ac_ul300_sr300,200_.jpg",4.9,amazon_fr,france
83,a un paso de la luna,ana mena & rocco hunt,"https://images-eu.ssl-images-amazon.com/images/i/81fmfulqyjl._ac_ul300_sr300,200_.jpg",5.0,amazon_fr,france
84,santé,stromae,"https://images-eu.ssl-images-amazon.com/images/i/611lc17rtrl._ac_ul300_sr300,200_.jpg",4.5,amazon_fr,france
85,jerusalema  ,master kg,"https://images-eu.ssl-images-amazon.com/images/i/81916e+f5cl._ac_ul300_sr300,200_.jpg",4.7,amazon_fr,france
86,la grenade,clara luciani,"https://images-eu.ssl-images-amazon.com/images/i/715ornrmojl._ac_ul300_sr300,200_.jpg",4.7,amazon_fr,france
87,hallelujah,jeff buckley,"https://images-eu.ssl-images-amazon.com/images/i/713vhcobmul._ac_ul300_sr300,200_.jpg",4.6,amazon_fr,france
88,waf,julien doré & simone & jean-marc,"https://images-eu.ssl-images-amazon.com/images/i/51qnuvcji7l._ac_ul300_sr300,200_.jpg",4.2,amazon_fr,france
89,bad habits,ed sheeran,"https://images-eu.ssl-images-amazon.com/images/i/a1nizejckul._ac_ul300_sr300,200_.jpg",4.5,amazon_fr,france
90,kiki,julien doré,"https://images-eu.ssl-images-amazon.com/images/i/51qnuvcji7l._ac_ul300_sr300,200_.jpg",4.2,amazon_fr,france
91,happy ,pharrell williams,"https://images-eu.ssl-images-amazon.com/images/i/81ms-me02ul._ac_ul300_sr300,200_.jpg",4.6,amazon_fr,france
92,blinding lights,the weeknd,"https://images-eu.ssl-images-amazon.com/images/i/81uq-u7llnl._ac_ul300_sr300,200_.jpg",4.8,amazon_fr,france
93,jusqu'ici tout va bien,maître gims,"https://images-eu.ssl-images-amazon.com/images/i/71or-4p5ptl._ac_ul300_sr300,200_.jpg",4.8,amazon_fr,france
94,back on my feet,kimberose,"https://images-eu.ssl-images-amazon.com/images/i/71wkkwj7yol._ac_ul300_sr300,200_.jpg",4.9,amazon_fr,france
95,bande organisée ,"kofs, soso maness, elams, jul, sch, naps, solda, houari, 13 organisé","https://images-eu.ssl-images-amazon.com/images/i/81zhvrya9pl._ac_ul300_sr300,200_.jpg",4.5,amazon_fr,france
96,danser encore,hk,"https://images-eu.ssl-images-amazon.com/images/i/71z8y6kjhgl._ac_ul300_sr300,200_.jpg",4.9,amazon_fr,france
97,levitating,dua lipa,"https://images-eu.ssl-images-amazon.com/images/i/91n2107xigl._ac_ul300_sr300,200_.jpg",4.7,amazon_fr,france
98,control,zoe wees,"https://images-eu.ssl-images-amazon.com/images/i/61-zsorycjl._ac_ul300_sr300,200_.jpg",4.8,amazon_fr,france
99,perfect,ed sheeran,"https://images-eu.ssl-images-amazon.com/images/i/b1tlpsy5bks._ac_ul300_sr300,200_.jpg",4.7,amazon_fr,france
100,"brésil, finistère",nolwenn leroy,"https://images-eu.ssl-images-amazon.com/images/i/81zgpy+9rbs._ac_ul300_sr300,200_.jpg",4.2,amazon_fr,france
1,la kiffance,naps,https://images.music-story.com/img/album_n/1688597-naps-la-kiffance.jpeg,nan,snep,france
2,petrouchka,soso maness,https://images.music-story.com/img/album_s/1702150-soso-maness-petrouchka.jpeg,nan,snep,france
3,tdb,oboy,https://images.music-story.com/img/album_o/1705799-oboy-tdb.jpeg,nan,snep,france
4,bande organisée,"kofs, soso maness, elams, jul, sch, naps, solda, houari, 13 organisée",https://images.music-story.com/img/album_/1662798--bande-organisee.jpeg,nan,snep,france
5,montero ,lil nas &,https://images.music-story.com/img/album_/1693053--montero-call-me-by-your-name.jpeg,nan,snep,france
6,save your tears,the weeknd,https://images.music-story.com/img/album_t/1644769-the-weeknd-after-hours7366.jpeg,nan,snep,france
7,le temps,tayc,https://images.music-story.com/img/album_t/1687595-tayc-fleur-froide-donum-novae.jpeg,nan,snep,france
8,fever,dua lipa,https://images.music-story.com/img/album_d/1673345-dua-lipa-fever.jpeg,nan,snep,france
9,la seleçao,alonzo,https://images.music-story.com/img/album_a/1692883-alonzo-capo-dei-capi-vol-ii-iii.jpeg,nan,snep,france
10,mona lisa,booba,https://images.music-story.com/img/album_b/1689613-booba-mona-lisa.jpeg,nan,snep,france
11,love nwantiti,ckay,https://images.music-story.com/img/album_/1714386--love-nwantiti-ah-ah-ah-feat-joeboy-kuami-eugene-remix.jpeg,nan,snep,france
12,haine&sex,gazo,https://images.music-story.com/img/album_/1688600--drill-fr1419.jpeg,nan,snep,france
13,daddy chocolat,koba lad,https://images.music-story.com/img/album_k/1704458-koba-lad-cartel-volume-1.jpeg,nan,snep,france
14,bad habits,ed sheeran,https://images.music-story.com/img/album_e/1704999-ed-sheeran-bad-habits.jpeg,nan,snep,france
15,blinding lights,the weeknd,https://images.music-story.com/img/album_t/1631932-the-weeknd-blinding-lights.jpeg,nan,snep,france
16,vroum vroum,moha k,https://images.music-story.com/img/album_/1692882--vroum-vroum.jpeg,nan,snep,france
17,stay,the kid laroi,https://images.music-story.com/img/album_/1706758--stay.jpeg,nan,snep,france
18,mon poto,kore & ninho,https://images.music-story.com/img/album_k/1690681-kore-mon-poto.jpeg,nan,snep,france
19,eté 90,therapie ta&i,https://images.music-story.com/img/album_t/1681594-therapie-taxi-rupture-2-merde.jpeg,nan,snep,france
20,levitating ,dua lipa,https://images.music-story.com/img/album_d/1668352-dua-lipa-levitating-feat-dababy.jpg,nan,snep,france
21,goosebumps ,travis scott & hvme,https://images.music-story.com/img/album_t/1683024-travis-scott-goosebumps-remix.jpeg,nan,snep,france
22,tout en gucci,ninho,https://images.music-story.com/img/album_n/1643524-ninho-m-i-l-s-38084.jpeg,nan,snep,france
23,girl like me,black eyed peas,https://images.music-story.com/img/album_t/1655502-the-black-eyed-peas-translation.jpeg,nan,snep,france
24,never going home,kungs,https://images.music-story.com/img/album_k/1700266-kungs-never-going-home.jpeg,nan,snep,france
25,mode akimbo ,sch,https://images.music-story.com/img/album_s/1692216-sch-jvlivs-ii.jpeg,nan,snep,france
26,industry baby,lil nas &,https://images.music-story.com/img/album_/1708808--industry-baby.jpeg,nan,snep,france
27,peaches,justin bieber,https://images.music-story.com/img/album_j/1694253-justin-bieber-justice.jpeg,nan,snep,france
28,"1,2,3",amel bent,https://images.music-story.com/img/album_a/1673350-amel-bent-1-2-3.jpeg,nan,snep,france
29,"pic et pic, alcool et drame",jul,https://images.music-story.com/img/album_j/1705053-jul-demain-ca-ira.jpeg,nan,snep,france
30,dákiti,bad bunny & jhay cortez,https://images.music-story.com/img/album_b/1673379-bad-bunny-dakiti.jpeg,nan,snep,france
31,la danse des bandits,naps,https://images.music-story.com/img/album_n/1694168-naps-les-mains-faites-pour-l-or.jpeg,nan,snep,france
32,pepas,farruko,https://images.music-story.com/img/album_f/1706185-farruko-pepas.jpeg,nan,snep,france
33,a un paso de la luna,reik & rocco hunt & ana mena,https://images.music-story.com/img/album_r/1693925-reik-a-un-paso-de-la-luna.jpg,nan,snep,france
34,friday,riton,https://images.music-story.com/img/album_r/1682231-riton-friday-dopamine-re-edit.jpeg,nan,snep,france
35,love tonight,shouse,https://images.music-story.com/img/album_/1665503--love-tonight.jpg,nan,snep,france
36,dance monkey,tones and i,https://images.music-story.com/img/album_/1617355--dance-monkey.jpeg,nan,snep,france
37,jerusalema ,master kg,https://images.music-story.com/img/album_/1659065--jerusalema-feat-nomcebo-zikode.jpg,nan,snep,france
38,casanova,were vana,https://images.music-story.com/img/album_w/1673956-were-vana-casanova.jpeg,nan,snep,france
39,beggin',måneskin,https://images.music-story.com/img/album_m/1584289-maneskin-chosen.jpeg,nan,snep,france
40,?. morose,damso,https://images.music-story.com/img/album_d/1666533-damso-qalf.jpeg,nan,snep,france
41,mon soleil,dadju & anitta,https://images.music-story.com/img/album_d/1702157-dadju-mon-soleil.jpeg,nan,snep,france
42,iko iko,justin wellington,https://images.music-story.com/img/album_j/1692392-justin-wellington-iko-iko.jpeg,nan,snep,france
43,médusa,landy,https://images.music-story.com/img/album_l/1679509-landy-a-one.jpeg,nan,snep,france
44,la vie qu on mene,ninho,https://images.music-story.com/img/album_n/1608873-ninho-destin.jpeg,nan,snep,france
45,cœur noir,eva,https://images.music-story.com/img/album_e/1677529-eva-2-feed-collector.jpeg,nan,snep,france
46,afro trap part. 11 ,mhd,https://images.music-story.com/img/album_m/1701201-mhd-afro-trap-part-11-king-kong.jpeg,nan,snep,france
47,ani kuni,polo & pan,https://images.music-story.com/img/album_p/1698670-polo-pan-ani-kuni.jpeg,nan,snep,france
48,beau-papa,vianney,https://images.music-story.com/img/album_v/1663513-vianney-beau-papa.jpeg,nan,snep,france
49,cabeza,oboy,https://images.music-story.com/img/album_o/1658227-oboy-mafana.jpeg,nan,snep,france
50,jolie madame,joé dwèt filé,https://images.music-story.com/img/album_j/1694684-joe-dwet-file-jolie-madame.jpeg,nan,snep,france
51,pilote,plk,https://images.music-story.com/img/album_p/1664344-plk-enna.jpeg,nan,snep,france
52,wasted love ,ofenbach,https://images.music-story.com/img/album_o/1681323-ofenbach-wasted-love.jpeg,nan,snep,france
53,mood,24kgoldn,https://images.music-story.com/img/album_/1662823--mood.jpeg,nan,snep,france
54,joli bébé,naza & niska,https://images.music-story.com/img/album_n/1664979-naza-joli-bebe.jpeg,nan,snep,france
55,champion,serge ibaka / ninho,https://images.music-story.com/img/album_/1688599--champion.jpeg,nan,snep,france
56,kiss me more,doja cat,https://images.music-story.com/img/album_d/1694761-doja-cat-kiss-me-more.jpeg,nan,snep,france
57,marché noir,sch,https://images.music-story.com/img/album_s/1684994-sch-marche-noir.jpeg,nan,snep,france
58,memories ,david gu&ta,https://images.music-story.com/img/album_d/david-guetta-memories-single.jpg,nan,snep,france
59,bobo,aya nakamura,https://images.music-story.com/img/album_a/1701098-aya-nakamura-bobo.jpeg,nan,snep,france
60,cold heart,"elton john, dua lipa",https://images.music-story.com/img/album_e/1711452-elton-john-cold-heart.jpeg,nan,snep,france
61,alors la zone,jul,https://images.music-story.com/img/album_j/1703416-jul-alors-la-zone.jpeg,nan,snep,france
62,à cœur ouvert,djadja & dinaz,https://images.music-story.com/img/album_d/1687619-djadja-dinaz-a-coeur-ouvert.jpeg,nan,snep,france
63,mother fuck,"jul, sch",https://images.music-story.com/img/album_j/1678510-jul-mother-fuck.jpeg,nan,snep,france
64,millions,"no limit, orelsan, ninho",https://images.music-story.com/img/album_n/1703997-ninho-millions.jpeg,nan,snep,france
65,woman,doja cat,https://images.music-story.com/img/album_d/1704939-doja-cat-planet-her.jpeg,nan,snep,france
66,arcade,duncan laurence,https://images.music-story.com/img/album_/-worlds-on-fire.jpg,nan,snep,france
67,rasputin,boney m.,https://images.music-story.com/img/album_b/boney-m-nightflight-to-venus.jpg,nan,snep,france
68,mais je t'aime,grand corps malade,https://images.music-story.com/img/album_g/1656154-grand-corps-malade-mais-je-t-aime.jpeg,nan,snep,france
69,del mar,"ozuna, doja cat & sia",https://images.music-story.com/img/album_o/1665235-ozuna-enoc.jpeg,nan,snep,france
70,kassav,gazo,https://images.music-story.com/img/album_/1682143--kassav.jpeg,nan,snep,france
71,follow you,imagine dragons,https://images.music-story.com/img/album_i/1690765-imagine-dragons-follow-you-cutthroat.jpeg,nan,snep,france
72,derrière le brouillard,grand corps malade,https://images.music-story.com/img/album_g/1665684-grand-corps-malade-mesdames9359.jpeg,nan,snep,france
73,je t’aime de ouf,wejdene,https://images.music-story.com/img/album_/1694167--16-ou-pas.jpeg,nan,snep,france
74,drivers license,olivia rodrigo,https://images.music-story.com/img/album_o/1681553-olivia-rodrigo-drivers-license.jpeg,nan,snep,france
75,cover me in sunshine,willow sage hart,https://images.music-story.com/img/album_p/1685667-pnk-cover-me-in-sunshine.jpeg,nan,snep,france
76,le reste,clara luciani,https://images.music-story.com/img/album_c/1694678-clara-luciani-le-reste.jpeg,nan,snep,france
77,bebeto,kendji girac,https://images.music-story.com/img/album_k/1668847-kendji-girac-mi-vida.jpeg,nan,snep,france
78,best life,naps,https://images.music-story.com/img/album_n/1718316-naps-best-life.jpeg,nan,snep,france
79,astronaut in the ocean ,masked wolf,https://images.music-story.com/img/album_m/1698281-masked-wolf-astronaut-in-the-ocean-remix.jpg,nan,snep,france
80,gasolina ,horn& la frappe,https://images.music-story.com/img/album_h/1714064-hornet-la-frappe-toujours-nous-memes.jpeg,nan,snep,france
81,bimbo,marwa loud,https://images.music-story.com/img/album_m/1701086-marwa-loud-bimbo.jpeg,nan,snep,france
82,roses,saint jhn,https://images.music-story.com/img/album_/1625706--roses-imanbek-remix.jpeg,nan,snep,france
83,elles ont trop joué avec mon cœur,jok'air,https://images.music-story.com/img/album_j/1678422-jokair-vie-republique.jpeg,nan,snep,france
84,heat waves,glass animals,https://images.music-story.com/img/album_g/1657961-glass-animals-heat-waves.jpeg,nan,snep,france
85,beautiful mistakes,maroon 5,https://images.music-story.com/img/album_m/1689690-maroon-5-beautiful-mistakes.jpeg,nan,snep,france
86,jefe,ninho,https://images.music-story.com/img/album_n/1726152-ninho-jefe.jpeg,nan,snep,france
87,watermelon sugar,harry styles,https://images.music-story.com/img/album_h/1631104-harry-styles-watermelon-sugar.jpeg,nan,snep,france
88,love again,dua lipa,https://images.music-story.com/img/album_d/1686012-dua-lipa-future-nostalgia9083.jpeg,nan,snep,france
89,another love,tom odell,https://images.music-story.com/img/album_t/461123-tom-odell-songs-from-another-love.jpeg,nan,snep,france
90,911,damso,https://images.music-story.com/img/album_d/1666533-damso-qalf.jpeg,nan,snep,france
91,leave the door open,bruno mars/anderson .paak/silk sonic,https://images.music-story.com/img/album_/1690944--leave-the-door-open.jpg,nan,snep,france
92,good 4 u,olivia rodrigo,https://images.music-story.com/img/album_o/1699356-olivia-rodrigo-good-4-u.jpeg,nan,snep,france
93,bansky,h magnum,https://images.music-story.com/img/album_h/1717857-h-magnum-bansky.jpeg,nan,snep,france
94,dieu merci,dadju,https://images.music-story.com/img/album_d/1695502-dadju-poison-ou-antidote-edition-miel-book.jpeg,nan,snep,france
95,mannschaft ,sch,https://images.music-story.com/img/album_s/1692216-sch-jvlivs-ii.jpeg,nan,snep,france
96,ratpi world,booba,https://images.music-story.com/img/album_b/1683728-booba-ratpi-world.jpeg,nan,snep,france
97,whoopty,cj,https://images.music-story.com/img/album_/1672956--whoopty.jpeg,nan,snep,france
98,easy on me,adele,https://images.music-story.com/img/album_a/1719810-adele-easy-on-me.jpeg,nan,snep,france
99,coffre plein,koba lad,https://images.music-story.com/img/album_k/1670785-koba-lad-coffre-plein.jpeg,nan,snep,france
100,angela,hatik,https://images.music-story.com/img/album_/1654955--chaise-pliante.jpeg,nan,snep,france
1,easy on me,adele,"https://images-na.ssl-images-amazon.com/images/i/71tyun+y8il._ac_ul600_sr600,400_.jpg",4.8,amazon_com,monde
2,shivers,ed sheeran,"https://images-na.ssl-images-amazon.com/images/i/a1nizejckul._ac_ul600_sr600,400_.jpg",4.9,amazon_com,monde
3,somewhere over the rainbow/what a wonderful world,israel kamakawiwo'ole,"https://images-na.ssl-images-amazon.com/images/i/811vo-4achl._ac_ul600_sr600,400_.jpg",4.9,amazon_com,monde
4,cold heart ,elton john & dua lipa,"https://images-na.ssl-images-amazon.com/images/i/71yjgszeftl._ac_ul600_sr600,400_.jpg",4.9,amazon_com,monde
5,over the rainbow,israel kamakawiwo'ole,"https://images-na.ssl-images-amazon.com/images/i/71dippn9mwl._ac_ul600_sr600,400_.jpg",4.9,amazon_com,monde
6,leave a trace,alina smolina,"https://images-na.ssl-images-amazon.com/images/i/916abd5-x9l._ac_ul600_sr600,400_.jpg",nan,amazon_com,monde
7,on the positive,alina smolina,"https://images-na.ssl-images-amazon.com/images/i/916abd5-x9l._ac_ul600_sr600,400_.jpg",nan,amazon_com,monde
8,levitating ,dua lipa,"https://images-na.ssl-images-amazon.com/images/i/91cp7krg1zl._ac_ul600_sr600,400_.jpg",4.8,amazon_com,monde
9,anyone,justin bieber,"https://images-na.ssl-images-amazon.com/images/i/8153livvazl._ac_ul600_sr600,400_.jpg",4.9,amazon_com,monde
10,reputation,alina smolina,"https://images-na.ssl-images-amazon.com/images/i/916abd5-x9l._ac_ul600_sr600,400_.jpg",nan,amazon_com,monde
11,principles,alina smolina,"https://images-na.ssl-images-amazon.com/images/i/916abd5-x9l._ac_ul600_sr600,400_.jpg",nan,amazon_com,monde
12,taboo,alina smolina,"https://images-na.ssl-images-amazon.com/images/i/916abd5-x9l._ac_ul600_sr600,400_.jpg",nan,amazon_com,monde
13,talk about life,alina smolina,"https://images-na.ssl-images-amazon.com/images/i/916abd5-x9l._ac_ul600_sr600,400_.jpg",nan,amazon_com,monde
14,fake woke,tom macdonald,"https://images-na.ssl-images-amazon.com/images/i/81ww-mh8qul._ac_ul600_sr600,400_.jpg",4.9,amazon_com,monde
15,beggin' ,måneskin,"https://images-na.ssl-images-amazon.com/images/i/81nbybgenal._ac_ul600_sr600,400_.jpg",4.8,amazon_com,monde
16,starting over,chris stapl&on,"https://images-na.ssl-images-amazon.com/images/i/51ezmxpy46l._ac_ul600_sr600,400_.jpg",4.8,amazon_com,monde
17,film out,bts,"https://images-na.ssl-images-amazon.com/images/i/81hid8zx1tl._ac_ul600_sr600,400_.jpg",5.0,amazon_com,monde
18,go rest high on that mountain,vince gill,"https://images-na.ssl-images-amazon.com/images/i/71hqaobikyl._ac_ul600_sr600,400_.jpg",4.8,amazon_com,monde
19,shallow,lady gaga & bradley cooper,"https://images-na.ssl-images-amazon.com/images/i/813540bvryl._ac_ul600_sr600,400_.jpg",4.8,amazon_com,monde
20,perfect,ed sheeran,"https://images-na.ssl-images-amazon.com/images/i/b1tlpsy5bks._ac_ul600_sr600,400_.jpg",4.8,amazon_com,monde
21,fancy like,walker hayes,"https://images-na.ssl-images-amazon.com/images/i/71naikrefql._ac_ul600_sr600,400_.jpg",4.8,amazon_com,monde
22,my universe,coldplay & bts,"https://images-na.ssl-images-amazon.com/images/i/a1tqig59aul._ac_ul600_sr600,400_.jpg",4.9,amazon_com,monde
23,don't stop believin',journey,"https://images-na.ssl-images-amazon.com/images/i/71878xwtohl._ac_ul600_sr600,400_.jpg",4.8,amazon_com,monde
24,thunder,imagine dragons,"https://images-na.ssl-images-amazon.com/images/i/71u0sn3o+ql._ac_ul600_sr600,400_.jpg",4.8,amazon_com,monde
25,the sound of silence,disturbed,"https://images-na.ssl-images-amazon.com/images/i/81fc381l9hl._ac_ul600_sr600,400_.jpg",4.9,amazon_com,monde
26,the path to the dream,alina smolina,"https://images-na.ssl-images-amazon.com/images/i/916abd5-x9l._ac_ul600_sr600,400_.jpg",nan,amazon_com,monde
27,to the exit,alina smolina,"https://images-na.ssl-images-amazon.com/images/i/916abd5-x9l._ac_ul600_sr600,400_.jpg",nan,amazon_com,monde
28,who are you,alina smolina,"https://images-na.ssl-images-amazon.com/images/i/916abd5-x9l._ac_ul600_sr600,400_.jpg",nan,amazon_com,monde
29,blinding lights,the weeknd,"https://images-na.ssl-images-amazon.com/images/i/81uq-u7llnl._ac_ul600_sr600,400_.jpg",4.8,amazon_com,monde
30,to sleep calmly,alina smolina,"https://images-na.ssl-images-amazon.com/images/i/916abd5-x9l._ac_ul600_sr600,400_.jpg",nan,amazon_com,monde
31,the reddest rose,t&iana ruzhynska,"https://images-na.ssl-images-amazon.com/images/i/915hfjuuazl._ac_ul300_sr300,200_.jpg",nan,amazon_com,monde
32,fast  ,sawe&ie,"https://images-na.ssl-images-amazon.com/images/i/81f7iqqgbps._ac_ul300_sr300,200_.jpg",4.6,amazon_com,monde
33,bad habits,ed sheeran,"https://images-na.ssl-images-amazon.com/images/i/a1nizejckul._ac_ul300_sr300,200_.jpg",4.9,amazon_com,monde
34,levitating ,dua lipa,"https://images-na.ssl-images-amazon.com/images/i/a14h0zibp3l._ac_ul300_sr300,200_.jpg",4.8,amazon_com,monde
35,a thousand years,christina perri,"https://images-na.ssl-images-amazon.com/images/i/81weddhvffl._ac_ul300_sr300,200_.jpg",4.8,amazon_com,monde
36,create a legacy,alina smolina,"https://images-na.ssl-images-amazon.com/images/i/916abd5-x9l._ac_ul300_sr300,200_.jpg",nan,amazon_com,monde
37,act in good faith,alina smolina,"https://images-na.ssl-images-amazon.com/images/i/916abd5-x9l._ac_ul300_sr300,200_.jpg",nan,amazon_com,monde
38,backstab,alina smolina,"https://images-na.ssl-images-amazon.com/images/i/916abd5-x9l._ac_ul300_sr300,200_.jpg",nan,amazon_com,monde
39,bad guy,billie eilish,"https://images-na.ssl-images-amazon.com/images/i/61e23dfeobl._ac_ul300_sr300,200_.jpg",4.7,amazon_com,monde
40,count on me,bruno mars,"https://images-na.ssl-images-amazon.com/images/i/717fvmjijcl._ac_ul300_sr300,200_.jpg",4.8,amazon_com,monde
41,eye of the tiger,survivor,"https://images-na.ssl-images-amazon.com/images/i/81adtxm0hol._ac_ul300_sr300,200_.jpg",4.7,amazon_com,monde
42,ancient,t&iana ruzhynska,"https://images-na.ssl-images-amazon.com/images/i/71qygbke2wl._ac_ul300_sr300,200_.jpg",nan,amazon_com,monde
43,the nightmare,t&iana ruzhynska,"https://images-na.ssl-images-amazon.com/images/i/915hfjuuazl._ac_ul300_sr300,200_.jpg",nan,amazon_com,monde
44,nor moon nor sun,t&iana ruzhynska,"https://images-na.ssl-images-amazon.com/images/i/915hfjuuazl._ac_ul300_sr300,200_.jpg",nan,amazon_com,monde
45,splendour and shame,t&iana ruzhynska,"https://images-na.ssl-images-amazon.com/images/i/915hfjuuazl._ac_ul300_sr300,200_.jpg",nan,amazon_com,monde
46,devotion,alina smolina,"https://images-na.ssl-images-amazon.com/images/i/916abd5-x9l._ac_ul300_sr300,200_.jpg",nan,amazon_com,monde
47,the ice was all around,t&iana ruzhynska,"https://images-na.ssl-images-amazon.com/images/i/915hfjuuazl._ac_ul300_sr300,200_.jpg",nan,amazon_com,monde
48,down into the sea,t&iana ruzhynska,"https://images-na.ssl-images-amazon.com/images/i/71qygbke2wl._ac_ul300_sr300,200_.jpg",nan,amazon_com,monde
49,can’t hear,t&iana ruzhynska,"https://images-na.ssl-images-amazon.com/images/i/71qygbke2wl._ac_ul300_sr300,200_.jpg",nan,amazon_com,monde
51,bigger than the moon,t&iana ruzhynska,"https://images-na.ssl-images-amazon.com/images/i/71qygbke2wl._ac_ul600_sr600,400_.jpg",nan,amazon_com,monde
52,fruitless desire,t&iana ruzhynska,"https://images-na.ssl-images-amazon.com/images/i/71qygbke2wl._ac_ul600_sr600,400_.jpg",nan,amazon_com,monde
53,manna from heaven,t&iana ruzhynska,"https://images-na.ssl-images-amazon.com/images/i/915hfjuuazl._ac_ul600_sr600,400_.jpg",nan,amazon_com,monde
54,lake water,t&iana ruzhynska,"https://images-na.ssl-images-amazon.com/images/i/915hfjuuazl._ac_ul600_sr600,400_.jpg",nan,amazon_com,monde
55,at midnight,t&iana ruzhynska,"https://images-na.ssl-images-amazon.com/images/i/71qygbke2wl._ac_ul600_sr600,400_.jpg",nan,amazon_com,monde
56,all burns,t&iana ruzhynska,"https://images-na.ssl-images-amazon.com/images/i/71qygbke2wl._ac_ul600_sr600,400_.jpg",nan,amazon_com,monde
57,a blessèd ghost,t&iana ruzhynska,"https://images-na.ssl-images-amazon.com/images/i/71qygbke2wl._ac_ul600_sr600,400_.jpg",nan,amazon_com,monde
58,a weary time,t&iana ruzhynska,"https://images-na.ssl-images-amazon.com/images/i/71qygbke2wl._ac_ul600_sr600,400_.jpg",nan,amazon_com,monde
59,under the water,t&iana ruzhynska,"https://images-na.ssl-images-amazon.com/images/i/71qygbke2wl._ac_ul600_sr600,400_.jpg",nan,amazon_com,monde
60,ghost,t&iana ruzhynska,"https://images-na.ssl-images-amazon.com/images/i/915hfjuuazl._ac_ul600_sr600,400_.jpg",nan,amazon_com,monde
61,knee to knee,t&iana ruzhynska,"https://images-na.ssl-images-amazon.com/images/i/915hfjuuazl._ac_ul600_sr600,400_.jpg",nan,amazon_com,monde
62,go to the fire,t&iana ruzhynska,"https://images-na.ssl-images-amazon.com/images/i/915hfjuuazl._ac_ul600_sr600,400_.jpg",nan,amazon_com,monde
63,"take me home, country roads",john denver,"https://images-na.ssl-images-amazon.com/images/i/71m5zzuejjl._ac_ul600_sr600,400_.jpg",4.8,amazon_com,monde
64,all i want for christmas is you,mariah carey,"https://images-na.ssl-images-amazon.com/images/i/61u9-oerlvl._ac_ul600_sr600,400_.jpg",4.8,amazon_com,monde
65,good as hell ,lizzo,"https://images-na.ssl-images-amazon.com/images/i/81vehrizarl._ac_ul600_sr600,400_.jpg",4.8,amazon_com,monde
66,industry baby ,lil nas & & jack harlow,"https://images-na.ssl-images-amazon.com/images/i/81uj3ntuuhl._ac_ul600_sr600,400_.jpg",4.8,amazon_com,monde
67,let's go brandon,bryson gray (& tyson james and chandler crump),"https://images-na.ssl-images-amazon.com/images/i/81sttaoe5el._ac_ul600_sr600,400_.jpg",4.9,amazon_com,monde
68,don't start now,dua lipa,"https://images-na.ssl-images-amazon.com/images/i/a1zqu-zqnpl._ac_ul600_sr600,400_.jpg",4.8,amazon_com,monde
69,good riddance ,green day,"https://images-na.ssl-images-amazon.com/images/i/71dbwwtwgkl._ac_ul600_sr600,400_.jpg",4.6,amazon_com,monde
70,thunderstruck,ac/dc,"https://images-na.ssl-images-amazon.com/images/i/71ahhf8-yxl._ac_ul600_sr600,400_.jpg",4.8,amazon_com,monde
71,celebration,kool and the gang,"https://images-na.ssl-images-amazon.com/images/i/718lvjrn2dl._ac_ul600_sr600,400_.jpg",4.7,amazon_com,monde
72,jealous of the angels,donna taggart,"https://images-na.ssl-images-amazon.com/images/i/715q1sfjunl._ac_ul600_sr600,400_.jpg",4.8,amazon_com,monde
73,when i get where i'm going,brad paisley & dolly parton,"https://images-na.ssl-images-amazon.com/images/i/71+fhtixoul._ac_ul600_sr600,400_.jpg",4.8,amazon_com,monde
74,blinding lights,the weeknd,"https://images-na.ssl-images-amazon.com/images/i/71g5aahcrel._ac_ul600_sr600,400_.jpg",4.8,amazon_com,monde
75,hold on,justin bieber,"https://images-na.ssl-images-amazon.com/images/i/81mp3aopvxl._ac_ul600_sr600,400_.jpg",4.8,amazon_com,monde
76,adore you,harry styles,"https://images-na.ssl-images-amazon.com/images/i/61uplhj4npl._ac_ul600_sr600,400_.jpg",4.8,amazon_com,monde
77,i hope you dance,lee ann womack,"https://images-na.ssl-images-amazon.com/images/i/71sjh7b0x8l._ac_ul600_sr600,400_.jpg",4.8,amazon_com,monde
78,brainwashed,tom macdonald,"https://images-na.ssl-images-amazon.com/images/i/81yyjvldvgl._ac_ul600_sr600,400_.jpg",4.9,amazon_com,monde
79,christmas tree,v,"https://images-na.ssl-images-amazon.com/images/i/91eig9esv8l._ac_ul600_sr600,400_.jpg",5.0,amazon_com,monde
80,old town road ,lil nas & & billy ray cyrus,"https://images-na.ssl-images-amazon.com/images/i/71q+esnubhl._ac_ul600_sr600,400_.jpg",4.7,amazon_com,monde
81,thriller,michael jackson,"https://images-na.ssl-images-amazon.com/images/i/81joimtwfhl._ac_ul300_sr300,200_.jpg",4.8,amazon_com,monde
82,you all over me   ,taylor swift & maren morris,"https://images-na.ssl-images-amazon.com/images/i/71bazylb0cl._ac_ul300_sr300,200_.jpg",4.9,amazon_com,monde
83,patience  ,ksi,"https://images-na.ssl-images-amazon.com/images/i/81hso9k+nwl._ac_ul300_sr300,200_.jpg",3.9,amazon_com,monde
84,patience  ,ksi,"https://images-na.ssl-images-amazon.com/images/i/81hso9k+nwl._ac_ul300_sr300,200_.jpg",3.9,amazon_com,monde
85,thunderstruck,ac/dc,"https://images-na.ssl-images-amazon.com/images/i/71leobp2z0l._ac_ul300_sr300,200_.jpg",4.8,amazon_com,monde
86,god's country,blake shelton,"https://images-na.ssl-images-amazon.com/images/i/91uolb1p1el._ac_ul300_sr300,200_.jpg",4.9,amazon_com,monde
87,you've got a friend in me ,randy newman,"https://images-na.ssl-images-amazon.com/images/i/81wqcwq4oml._ac_ul300_sr300,200_.jpg",4.8,amazon_com,monde
88,you make it feel like christmas ,gwen stefani & blake shelton,"https://images-na.ssl-images-amazon.com/images/i/719cgyoxw5l._ac_ul300_sr300,200_.jpg",4.9,amazon_com,monde
89,nobody but you ,blake shelton,"https://images-na.ssl-images-amazon.com/images/i/91malcxypll._ac_ul300_sr300,200_.jpg",4.8,amazon_com,monde
90,34+35 ,ariana grande,"https://images-na.ssl-images-amazon.com/images/i/710qfgnyadl._ac_ul300_sr300,200_.jpg",4.8,amazon_com,monde
91,christmas tree ,v,"https://images-na.ssl-images-amazon.com/images/i/91eig9esv8l._ac_ul300_sr300,200_.jpg",4.8,amazon_com,monde
92,less like me,zach williams,"https://images-na.ssl-images-amazon.com/images/i/819xjozcpml._ac_ul300_sr300,200_.jpg",4.9,amazon_com,monde
93,back in black,ac/dc,"https://images-na.ssl-images-amazon.com/images/i/51kona6ez+l._ac_ul300_sr300,200_.jpg",4.8,amazon_com,monde
94,all of me,john legend,"https://images-na.ssl-images-amazon.com/images/i/61lej+smxzl._ac_ul300_sr300,200_.jpg",4.7,amazon_com,monde
95,lose ,ksi & lil wayne,"https://images-na.ssl-images-amazon.com/images/i/81vtutz8bvl._ac_ul300_sr300,200_.jpg",5.0,amazon_com,monde
96,uptown funk ,mark ronson & bruno mars,"https://images-na.ssl-images-amazon.com/images/i/71azum4cy1l._ac_ul300_sr300,200_.jpg",4.8,amazon_com,monde
97,therefore i am,billie eilish,"https://images-na.ssl-images-amazon.com/images/i/717lctxmqll._ac_ul300_sr300,200_.jpg",4.9,amazon_com,monde
98,holy ,justin bieber,"https://images-na.ssl-images-amazon.com/images/i/71z1cb2pfol._ac_ul300_sr300,200_.jpg",4.8,amazon_com,monde
1,levitating,dua lipa,https://charts-static.billboard.com/img/2020/04/dua-lipa-eqf-levitating-tr9-180x180.jpg,nan,billboard,monde
2,save your tears,the weeknd & ariana grande,https://charts-static.billboard.com/img/2020/12/the-weeknd-xmx-save-your-tears-e5b-180x180.jpg,nan,billboard,monde
3,blinding lights,the weeknd,https://charts-static.billboard.com/img/2019/12/the-weeknd-xmx-blinding-lights-q48-180x180.jpg,nan,billboard,monde
4,drivers license,olivia rodrigo,https://charts-static.billboard.com/img/2021/01/olivia-rodrigo-3wl-drivers-license-w08-180x180.jpg,nan,billboard,monde
5,dynamite,bts,https://charts-static.billboard.com/img/2020/09/bts-hm9-dynamite-zg6-180x180.jpg,nan,billboard,monde
6,dakiti,bad bunny & jhay cortez,https://charts-static.billboard.com/img/2020/11/bad-bunny-c3m-dakiti-wxy-180x180.jpg,nan,billboard,monde
7,montero ,lil nas &,https://charts-static.billboard.com/img/2021/04/lil-nas-x-qv4-montero-call-me-by-your-name-2lw-180x180.jpg,nan,billboard,monde
8,stay,the kid laroi & justin bieber,https://charts-static.billboard.com/img/2021/07/the-kid-laroi-qev-stay-vsd-180x180.jpg,nan,billboard,monde
9,good 4 u,olivia rodrigo,https://charts-static.billboard.com/img/2021/05/olivia-rodrigo-3wl-good-4-u-ysx-180x180.jpg,nan,billboard,monde
10,mood,24kgoldn & iann dior,https://charts-static.billboard.com/img/2020/08/24kgoldn-hvh-mood-agm-180x180.jpg,nan,billboard,monde
11,peaches,justin bieber & daniel caesar & giveon,https://charts-static.billboard.com/img/2021/04/justin-bieber-f8k-peaches-sl5-180x180.jpg,nan,billboard,monde
12,butter,bts,https://charts-static.billboard.com/img/2021/06/bts-hm9-butter-45t-180x180.jpg,nan,billboard,monde
13,kiss me more,doja cat & sza,https://charts-static.billboard.com/img/2021/04/doja-cat-lm6-kiss-me-more-3fc-180x180.jpg,nan,billboard,monde
14,astronaut in the ocean,masked wolf,https://charts-static.billboard.com/img/2020/11/masked-wolf-voi-astronaut-in-the-ocean-4ou-180x180.jpg,nan,billboard,monde
15,bad habits,ed sheeran,https://charts-static.billboard.com/img/2021/07/ed-sheeran-w3r-bad-habits-i7l-180x180.jpg,nan,billboard,monde
16,leave the door open,silk sonic (bruno mars & anderson .paak),https://charts-static.billboard.com/img/2021/03/silk-sonic-bruno-mars-and-anderson-paak-qd5-leave-the-door-open-ife-180x180.jpg,nan,billboard,monde
17,heat waves,glass animals,https://charts-static.billboard.com/img/2020/07/glass-animals-rtd-heat-waves-1lv-180x180.jpg,nan,billboard,monde
18,without you,the kid laroi,https://charts-static.billboard.com/img/2020/11/the-kid-laroi-qev-without-you-mqd-180x180.jpg,nan,billboard,monde
19,positions,ariana grande,https://charts-static.billboard.com/img/2020/11/ariana-grande-da0-positions-7tu-180x180.jpg,nan,billboard,monde
20,the business,tiesto,https://charts-static.billboard.com/img/2020/10/tiesto-e64-the-business-6nk-180x180.jpg,nan,billboard,monde
21,34+35,ariana grande,https://charts-static.billboard.com/img/2020/11/ariana-grande-da0-34-35-9yx-180x180.jpg,nan,billboard,monde
22,dance monkey,tones and i,https://charts-static.billboard.com/img/2019/08/tones-and-i-e1q-dance-monkey-pbf-180x180.jpg,nan,billboard,monde
23,watermelon sugar,harry styles,https://charts-static.billboard.com/img/2019/11/harry-styles-6jk-watermelonsugar-w6n-180x180.jpg,nan,billboard,monde
24,hawai,maluma,https://charts-static.billboard.com/img/2020/08/maluma-xt7-hawai-vy6-180x180.jpg,nan,billboard,monde
25,beggin',maneskin,https://charts-static.billboard.com/img/2017/12/maneskin-ews-180x180.jpg,nan,billboard,monde
26,industry baby,lil nas & & jack harlow,https://charts-static.billboard.com/img/2021/08/lil-nas-x-qv4-industry-baby-bw6-180x180.jpg,nan,billboard,monde
27,deja vu,olivia rodrigo,https://charts-static.billboard.com/img/2021/04/olivia-rodrigo-3wl-deja-vu-q3u-180x180.jpg,nan,billboard,monde
28,someone you loved,lewis capaldi,https://charts-static.billboard.com/img/2019/02/lewis-capaldi-s2h-180x180.jpg,nan,billboard,monde
29,perfect,ed sheeran,https://charts-static.billboard.com/img/2011/07/ed-sheeran-w3r-180x180.jpg,nan,billboard,monde
30,don't start now,dua lipa,https://charts-static.billboard.com/img/2015/11/dua-lipa-5k0-180x180.jpg,nan,billboard,monde
31,lemonade,intern& money & gunna & don toliver & nav,https://charts-static.billboard.com/img/2019/10/internet-money-vaq-180x180.jpg,nan,billboard,monde
32,goosebumps,travis scott & hvme,https://charts-static.billboard.com/img/2020/12/travis-scott-z9o-goosebumps-7u2-180x180.jpg,nan,billboard,monde
33,todo de ti,rauw alejandro,https://charts-static.billboard.com/img/2021/06/rauwalejandro-37g-tododeti-5i7-180x180.jpg,nan,billboard,monde
34,you broke me first.,tate mcrae,https://charts-static.billboard.com/img/2020/08/tatemcrae-rxu-youbrokemefirst-int-180x180.jpg,nan,billboard,monde
35,roses,saint jhn,https://charts-static.billboard.com/img/2020/03/saint-jhn-y2f-roses-h0w-180x180.jpg,nan,billboard,monde
36,streets,doja cat,https://charts-static.billboard.com/img/2018/04/doja-cat-lm6-180x180.jpg,nan,billboard,monde
37,savage love ,jawsh 685 & jason derulo,https://charts-static.billboard.com/img/2020/06/jawsh-685-000-savage-love-laxed-siren-beat-ii1-180x180.jpg,nan,billboard,monde
38,head & heart,joel corry & mnek,https://charts-static.billboard.com/img/2020/07/joel-corry-000-head-and-heart-aga-180x180.jpg,nan,billboard,monde
39,heartbreak anniversary,giveon,https://charts-static.billboard.com/img/2021/02/giveon-k6h-heartbreak-anniversary-4n9-180x180.jpg,nan,billboard,monde
40,for the night,pop smoke & lil baby & dababy,https://charts-static.billboard.com/img/2019/08/pop-smoke-2yd-180x180.jpg,nan,billboard,monde
41,sunflower ,post malone & swae lee,https://charts-static.billboard.com/img/2015/06/post-malone-8b5-180x180.jpg,nan,billboard,monde
42,wap,cardi b & megan thee stallion,https://charts-static.billboard.com/img/2020/08/cardi-b-7bz-wap-8b4-180x180.jpg,nan,billboard,monde
43,yonaguni,bad bunny,https://charts-static.billboard.com/img/2021/06/bad-bunny-c3m-yonaguni-zqi-180x180.jpg,nan,billboard,monde
44,shape of you,ed sheeran,https://charts-static.billboard.com/img/2017/01/ed-sheeran-w3r-shape-of-you-0ej-180x180.jpg,nan,billboard,monde
45,la noche de anoche,bad bunny & rosalia,https://charts-static.billboard.com/img/2016/10/bad-bunny-c3m-180x180.jpg,nan,billboard,monde
46,rockstar,dababy & roddy ricch,https://charts-static.billboard.com/img/2017/01/dababy-sfn-180x180.jpg,nan,billboard,monde
47,rapstar,polo g,https://charts-static.billboard.com/img/2021/04/polo-g-n1o-rapstar-qed-180x180.jpg,nan,billboard,monde
48,baby shark,pinkfong,https://charts-static.billboard.com/img/2018/07/pinkfong-2rz-180x180.jpg,nan,billboard,monde
49,friday,riton & nightcrawlers & mufasa & hypeman,https://charts-static.billboard.com/img/2021/02/riton-000-friday-7o2-180x180.jpg,nan,billboard,monde
50,fiel,"los legendarios, wisin & jhay cortez",https://charts-static.billboard.com/img/2020/10/los-legendarios-myk-180x180.jpg,nan,billboard,monde
51,what you know bout love,pop smoke,https://charts-static.billboard.com/img/2019/08/pop-smoke-2yd-180x180.jpg,nan,billboard,monde
52,whoopty,cj,https://charts-static.billboard.com/img/2020/11/cj-1ly-whoopty-ywg-180x180.jpg,nan,billboard,monde
53,believer,imagine dragons,https://charts-static.billboard.com/img/2017/02/imagine-dragons-ud7-believer-hmi-180x180.jpg,nan,billboard,monde
54,up,cardi b,https://charts-static.billboard.com/img/2021/02/cardi-b-7bz-up-bc2-180x180.jpg,nan,billboard,monde
55,yoru ni kakeru,yoasobi,https://charts-static.billboard.com/img/2020/09/yoasobi-i3g-yoru-ni-kakeru-tq6-180x180.jpg,nan,billboard,monde
56,therefore i am,billie eilish,https://charts-static.billboard.com/img/2020/11/billie-eilish-lrt-therefore-i-am-ctw-180x180.jpg,nan,billboard,monde
57,am,nio garcia & j balvin & bad bunny,https://charts-static.billboard.com/img/2021/04/nio-garcia-hk8-am-sfu-180x180.jpg,nan,billboard,monde
58,bad guy,billie eilish,https://charts-static.billboard.com/img/2019/04/billie-eilish-lrt-bad-guy-vul-180x180.jpg,nan,billboard,monde
59,traitor,olivia rodrigo,https://charts-static.billboard.com/img/2019/11/olivia-rodrigo-3wl-180x180.jpg,nan,billboard,monde
60,before you go,lewis capaldi,https://charts-static.billboard.com/img/2017/04/lewis-capaldi-s2h-180x180.jpg,nan,billboard,monde
61,circles,post malone,https://charts-static.billboard.com/img/2015/06/post-malone-8b5-180x180.jpg,nan,billboard,monde
62,bichota,karol g,https://charts-static.billboard.com/img/2020/11/karol-g-tb3-bichota-jzo-180x180.jpg,nan,billboard,monde
63,shallow,lady gaga & bradley cooper,https://charts-static.billboard.com/img/2008/04/lady-gaga-b8x-180x180.jpg,nan,billboard,monde
64,dreams,fle&wood mac,https://charts-static.billboard.com/img/2011/05/fleetwood-mac-fe3-dreams-jvb-180x180.jpg,nan,billboard,monde
65,sweater weather,the neighbourhood,https://charts-static.billboard.com/img/2013/03/the-neighbourhood-ro9-180x180.jpg,nan,billboard,monde
66,wellerman,nathan evans,https://charts-static.billboard.com/img/2021/02/nathan-evans-000-wellerman-w2e-180x180.jpg,nan,billboard,monde
67,whats poppin,"jack harlow & dababy, tory lanez & lil wayne",https://charts-static.billboard.com/img/2020/06/jackharlow-i43-whatspoppin-q71-180x180.jpg,nan,billboard,monde
68,need to know,doja cat,https://charts-static.billboard.com/img/2021/06/doja-cat-lm6-need-to-know-9r2-180x180.jpg,nan,billboard,monde
69,lovely,billie eilish & khalid,https://charts-static.billboard.com/img/2018/05/billie-eilish-lrt-lovely-hww-180x180.jpg,nan,billboard,monde
70,pepas,farruko,https://charts-static.billboard.com/img/2021/07/farruko-lo8-pepas-ymw-180x180.jpg,nan,billboard,monde
71,permission to dance,bts,https://charts-static.billboard.com/img/2021/07/bts-hm9-permission-to-dance-17f-180x180.jpg,nan,billboard,monde
72,beautiful mistakes,maroon 5 & megan thee stallion,https://charts-static.billboard.com/img/2021/03/maroon-5-kks-beautiful-mistakes-eyo-180x180.jpg,nan,billboard,monde
73,bandido,myke towers & juhn,https://charts-static.billboard.com/img/2021/01/myke-towers-g1s-bandido-czh-180x180.jpg,nan,billboard,monde
74,old town road,lil nas & & billy ray cyrus,https://charts-static.billboard.com/img/2019/01/lil-nas-x-qv4-180x180.jpg,nan,billboard,monde
75,calling my phone,lil tjay & 6lack,https://charts-static.billboard.com/img/2021/02/lil-tjay-gqk-calling-my-phone-7y8-180x180.jpg,nan,billboard,monde
76,i wanna be your slave,maneskin,https://charts-static.billboard.com/img/2021/06/maneskin-ews-i-wanna-be-your-slave-7ws-180x180.jpg,nan,billboard,monde
77,wants and needs,drake & lil baby,https://charts-static.billboard.com/img/2021/03/drake-04g-wantsandneeds-sfa-180x180.jpg,nan,billboard,monde
78,good days,sza,https://charts-static.billboard.com/img/2021/01/sza-mhq-good-days-yue-180x180.jpg,nan,billboard,monde
79,memories,maroon 5,https://charts-static.billboard.com/img/2019/10/maroon-5-9st-180x180.jpg,nan,billboard,monde
80,senorita,shawn mendes & camila cabello,https://charts-static.billboard.com/img/2014/07/shawn-mendes-pz2-180x180.jpg,nan,billboard,monde
81,telepatia,kali uchis,https://charts-static.billboard.com/img/2015/07/kali-uchis-dp2-180x180.jpg,nan,billboard,monde
82,happier than ever,billie eilish,https://charts-static.billboard.com/img/2021/08/billie-eilish-lrt-happier-than-ever-xd9-180x180.jpg,nan,billboard,monde
83,arcade,duncan laurence,https://charts-static.billboard.com/img/2021/02/duncan-laurence-030-arcade-ggy-180x180.jpg,nan,billboard,monde
84,la curiosidad,dj nelson presenta jay wheeler & myke towers,https://charts-static.billboard.com/img/2020/03/jay-wheeler-9ai-180x180.jpg,nan,billboard,monde
85,holy,justin bieber & chance the rapper,https://charts-static.billboard.com/img/2020/10/justin-bieber-f8k-holy-2uy-180x180.jpg,nan,billboard,monde
86,best friend,sawe&ie & doja cat,https://charts-static.billboard.com/img/2021/01/saweetie-plv-best-friend-tlw-180x180.jpg,nan,billboard,monde
87,bohemian rhapsody,queen,https://charts-static.billboard.com/img/2005/02/queen-m21-180x180.jpg,nan,billboard,monde
88,closer,the chainsmokers & halsey,https://charts-static.billboard.com/img/2013/11/the-chainsmokers-39n-87x87.jpg,nan,billboard,monde
89,lonely,justin bieber & benny blanco,https://charts-static.billboard.com/img/2020/10/justin-bieber-f8k-lonely-m89-180x180.jpg,nan,billboard,monde
90,all i want for christmas is you,mariah carey,https://charts-static.billboard.com/img/2004/12/mariah-carey-tgq-180x180.jpg,nan,billboard,monde
91,all of me,john legend,https://charts-static.billboard.com/img/2004/04/john-legend-035-180x180.jpg,nan,billboard,monde
92,que mas pues?,j balvin & maria becerra,https://charts-static.billboard.com/img/2021/06/j-balvin-i5b-que-mas-pues-d8y-180x180.jpg,nan,billboard,monde
93,hold on,justin bieber,https://charts-static.billboard.com/img/2021/03/justin-bieber-f8k-hold-on-urq-180x180.jpg,nan,billboard,monde
94,despacito,luis fonsi & daddy yankee & justin bieber,https://charts-static.billboard.com/img/2017/02/luis-fonsi-nni-despacito-80r-180x180.jpg,nan,billboard,monde
95,goosebumps,travis scott,https://charts-static.billboard.com/img/2016/10/travis-scott-jll-180x180.jpg,nan,billboard,monde
96,pareja del ano,sebastian yatra & myke towers,https://charts-static.billboard.com/img/2021/05/sebastian-yatra-q66-pareja-del-ano-sly-180x180.jpg,nan,billboard,monde
97,anyone,justin bieber,https://charts-static.billboard.com/img/2021/01/justin-bieber-f8k-anyone-h9g-180x180.jpg,nan,billboard,monde
98,prisoner,miley cyrus & dua lipa,https://charts-static.billboard.com/img/2020/12/miley-cyrus-rjp-prisoner-69j-180x180.jpg,nan,billboard,monde
99,woman,doja cat,https://charts-static.billboard.com/img/2018/04/doja-cat-lm6-180x180.jpg,nan,billboard,monde
100,say you won't let go,james arthur,https://charts-static.billboard.com/img/2016/11/james-arthur-p5t-106x106.jpg,nan,billboard,monde
